format-code-task-000001	4
format-code-task-000002	8
format-code-task-000003	3
format-code-task-000004	3
format-code-task-000007	9
format-code-task-000008	4
format-code-task-000011	3
format-code-task-000013	3
format-code-task-000014	4
format-code-task-000016	3
format-code-task-000018	3
format-code-task-000019	3
format-code-task-000020	5
format-code-task-000022	3
format-code-task-000023	3
format-code-task-000024	3
format-code-task-000025	3
format-code-task-000026	3
format-code-task-000027	3
format-code-task-000028	3
format-code-task-000029	4
format-code-task-000030	3
format-code-task-000031	3
format-code-task-000033	3
format-code-task-000034	6
format-code-task-000035	5
format-code-task-000036	11
format-code-task-000037	11
format-code-task-000039	4
format-code-task-000041	3
format-code-task-000042	3
format-code-task-000043	3
format-code-task-000044	3
format-code-task-000045	3
format-code-task-000046	3
format-code-task-000047	9
format-code-task-000048	3
format-code-task-000049	3
format-code-task-000050	3
format-code-task-000051	3
format-code-task-000052	5
format-code-task-000053	6
format-code-task-000054	5
format-code-task-000055	4
format-code-task-000056	4
format-code-task-000057	3
format-code-task-000058	4
format-code-task-000059	4
format-code-task-000060	9
format-code-task-000062	3
format-code-task-000063	3
format-code-task-000064	3
format-code-task-000065	3
format-code-task-000067	3
format-code-task-000069	3
format-code-task-000070	3
format-code-task-000071	4
format-code-task-000072	5
format-code-task-000073	3
format-code-task-000075	5
format-code-task-000076	3
format-code-task-000077	3
format-code-task-000078	3
format-code-task-000079	3
format-code-task-000080	3
format-code-task-000081	2
format-code-task-000082	3
format-code-task-000083	2
format-code-task-000084	2
format-code-task-000085	2
format-code-task-000087	3
format-code-task-000088	5
format-code-task-000089	3
format-code-task-000090	3
format-code-task-000091	3
format-code-task-000092	7
format-code-task-000093	3
format-code-task-000094	4
format-code-task-000095	3
format-code-task-000096	3
format-code-task-000097	3
format-code-task-000098	11
format-code-task-000100	3
format-code-task-000101	3
format-code-task-000102	3
format-code-task-000103	4
format-code-task-000104	4
format-code-task-000105	3
format-code-task-000106	4
format-code-task-000107	5
format-code-task-000108	5
format-code-task-000109	5
format-code-task-000110	3
format-code-task-000111	4
format-code-task-000112	4
format-code-task-000113	5
format-code-task-000114	3
format-code-task-000115	3
format-code-task-000116	3
format-code-task-000117	5
format-code-task-000118	9
format-code-task-000119	3
format-code-task-000121	3
format-code-task-000122	3
format-code-task-000123	3
format-code-task-000124	3
format-code-task-000125	3
format-code-task-000126	3
format-code-task-000127	5
format-code-task-000128	5
format-code-task-000130	4
format-code-task-000131	3
format-code-task-000133	4
format-code-task-000134	2
format-code-task-000136	5
format-code-task-000137	2
format-code-task-000138	3
format-code-task-000139	5
format-code-task-000140	4
format-code-task-000141	3
format-code-task-000142	3
format-code-task-000143	3
format-code-task-000144	3
format-code-task-000145	3
format-code-task-000146	3
format-code-task-000147	3
format-code-task-000148	3
format-code-task-000149	3
format-code-task-000152	3
format-code-task-000153	3
format-code-task-000154	3
format-code-task-000155	2
format-code-task-000156	3
format-code-task-000157	3
format-code-task-000158	3
format-code-task-000159	3
format-code-task-000160	3
format-code-task-000161	3
format-code-task-000162	3
format-code-task-000163	3
format-code-task-000164	3
format-code-task-000165	3
format-code-task-000166	3
format-code-task-000167	5
format-code-task-000168	3
format-code-task-000169	2
format-code-task-000170	6
format-code-task-000171	2
format-code-task-000172	3
format-code-task-000173	7
format-code-task-000174	7
format-code-task-000175	3
format-code-task-000176	3
format-code-task-000177	3
format-code-task-000178	3
format-code-task-000179	3
format-code-task-000181	3
format-code-task-000182	3
format-code-task-000183	3
format-code-task-000185	4
format-code-task-000186	4
format-code-task-000187	3
format-code-task-000188	3
format-code-task-000189	3
format-code-task-000190	3
format-code-task-000191	3
format-code-task-000192	4
format-code-task-000193	3
format-code-task-000194	3
format-code-task-000197	8
format-code-task-000198	4
format-code-task-000199	2
format-code-task-000200	3
format-code-task-000201	3
format-code-task-000202	3
format-code-task-000203	3
format-code-task-000204	3
format-code-task-000205	3
format-code-task-000208	3
format-code-task-000209	3
format-code-task-000210	4
format-code-task-000211	3
format-code-task-000212	3
format-code-task-000213	4
format-code-task-000214	3
format-code-task-000215	5
format-code-task-000216	3
format-code-task-000217	15
format-code-task-000218	3
format-code-task-000219	3
format-code-task-000220	2
format-code-task-000221	3
format-code-task-000222	3
format-code-task-000223	2
format-code-task-000224	3
format-code-task-000225	3
format-code-task-000226	3
format-code-task-000227	3
format-code-task-000228	3
format-code-task-000229	4
format-code-task-000230	3
format-code-task-000232	3
format-code-task-000233	3
format-code-task-000234	3
format-code-task-000235	3
format-code-task-000237	2
format-code-task-000238	7
format-code-task-000239	4
format-code-task-000240	3
format-code-task-000241	3
format-code-task-000242	3
format-code-task-000243	9
format-code-task-000244	3
format-code-task-000245	9
format-code-task-000246	3
format-code-task-000247	3
format-code-task-000248	3
format-code-task-000249	3
format-code-task-000250	4
format-code-task-000252	9
format-code-task-000253	3
format-code-task-000254	7
format-code-task-000255	3
format-code-task-000256	3
format-code-task-000257	3
format-code-task-000258	5
format-code-task-000259	5
format-code-task-000262	3
format-code-task-000263	3
format-code-task-000264	3
format-code-task-000265	3
format-code-task-000267	3
format-code-task-000268	4
format-code-task-000269	3
format-code-task-000270	5
format-code-task-000271	5
format-code-task-000272	3
format-code-task-000273	3
format-code-task-000275	3
format-code-task-000276	3
format-code-task-000277	3
format-code-task-000278	3
format-code-task-000279	3
format-code-task-000280	6
format-code-task-000281	2
format-code-task-000283	6
format-code-task-000284	3
format-code-task-000285	3
format-code-task-000286	3
format-code-task-000287	3
format-code-task-000290	2
format-code-task-000291	3
format-code-task-000292	3
format-code-task-000293	5
format-code-task-000294	6
format-code-task-000295	5
format-code-task-000296	3
format-code-task-000297	2
format-code-task-000298	3
format-code-task-000300	3
format-code-task-000301	3
format-code-task-000302	3
format-code-task-000303	2
format-code-task-000305	4
format-code-task-000306	3
format-code-task-000308	4
format-code-task-000309	4
format-code-task-000310	3
format-code-task-000311	3
format-code-task-000312	3
format-code-task-000313	2
format-code-task-000315	3
format-code-task-000316	3
format-code-task-000317	3
format-code-task-000318	3
format-code-task-000319	8
format-code-task-000320	3
format-code-task-000322	3
format-code-task-000323	3
format-code-task-000324	2
format-code-task-000325	3
format-code-task-000326	3
format-code-task-000327	2
format-code-task-000328	3
format-code-task-000329	5
format-code-task-000330	2
format-code-task-000331	4
format-code-task-000332	3
format-code-task-000333	2
format-code-task-000334	3
format-code-task-000335	5
format-code-task-000336	3
format-code-task-000337	3
format-code-task-000338	3
format-code-task-000339	3
format-code-task-000340	3
format-code-task-000341	2
format-code-task-000342	3
format-code-task-000343	3
format-code-task-000345	4
format-code-task-000346	3
format-code-task-000347	9
format-code-task-000348	17
format-code-task-000349	3
format-code-task-000350	3
format-code-task-000352	3
format-code-task-000354	3
format-code-task-000357	3
format-code-task-000359	3
format-code-task-000360	3
format-code-task-000361	3
format-code-task-000362	3
format-code-task-000363	3
format-code-task-000364	2
format-code-task-000365	3
format-code-task-000366	3
format-code-task-000367	3
format-code-task-000368	3
format-code-task-000369	3
format-code-task-000370	3
format-code-task-000371	3
format-code-task-000372	3
format-code-task-000373	9
format-code-task-000377	3
format-code-task-000379	3
format-code-task-000380	7
format-code-task-000381	3
format-code-task-000382	2
format-code-task-000383	2
format-code-task-000384	4
format-code-task-000386	3
format-code-task-000388	3
format-code-task-000389	2
format-code-task-000390	3
format-code-task-000391	2
format-code-task-000392	3
format-code-task-000393	3
format-code-task-000394	3
format-code-task-000395	2
format-code-task-000396	11
format-code-task-000398	4
format-code-task-000399	8
format-code-task-000400	3
format-code-task-000401	4
format-code-task-000402	2
format-code-task-000403	3
format-code-task-000404	3
format-code-task-000405	3
format-code-task-000406	3
format-code-task-000407	3
format-code-task-000408	3
format-code-task-000409	3
format-code-task-000410	3
format-code-task-000411	3
format-code-task-000412	3
format-code-task-000413	3
format-code-task-000414	3
format-code-task-000415	3
format-code-task-000416	3
format-code-task-000417	3
format-code-task-000418	3
format-code-task-000419	3
format-code-task-000420	2
format-code-task-000421	2
format-code-task-000422	3
format-code-task-000426	3
format-code-task-000427	3
format-code-task-000428	3
format-code-task-000430	6
format-code-task-000431	4
format-code-task-000433	5
format-code-task-000434	3
format-code-task-000436	3
format-code-task-000437	3
format-code-task-000438	3
format-code-task-000439	3
format-code-task-000440	3
format-code-task-000441	7
format-code-task-000442	3
format-code-task-000444	5
format-code-task-000445	3
format-code-task-000448	5
format-code-task-000449	5
format-code-task-000450	3
format-code-task-000451	9
format-code-task-000452	6
format-code-task-000453	6
format-code-task-000454	7
format-code-task-000455	4
format-code-task-000456	3
format-code-task-000457	3
format-code-task-000458	2
format-code-task-000459	2
format-code-task-000460	4
format-code-task-000461	2
format-code-task-000462	3
format-code-task-000463	4
format-code-task-000464	4
format-code-task-000466	3
format-code-task-000467	2
format-code-task-000468	3
format-code-task-000469	3
format-code-task-000471	3
format-code-task-000472	3
format-code-task-000474	2
format-code-task-000475	7
format-code-task-000476	3
format-code-task-000477	5
format-code-task-000478	4
format-code-task-000479	7
format-code-task-000480	5
format-code-task-000481	3
format-code-task-000482	4
format-code-task-000483	3
format-code-task-000484	3
format-code-task-000485	2
format-code-task-000486	2
format-code-task-000487	3
format-code-task-000488	3
format-code-task-000489	3
format-code-task-000490	5
format-code-task-000491	4
format-code-task-000492	3
format-code-task-000493	3
format-code-task-000494	6
format-code-task-000495	3
format-code-task-000496	3
format-code-task-000497	3
format-code-task-000498	2
format-code-task-000499	4
format-code-task-000500	3
format-code-task-000501	4
format-code-task-000502	4
format-code-task-000504	3
format-code-task-000505	3
format-code-task-000506	4
format-code-task-000507	3
format-code-task-000508	4
format-code-task-000509	5
format-code-task-000510	3
format-code-task-000511	3
format-code-task-000512	2
format-code-task-000513	3
format-code-task-000514	3
format-code-task-000515	3
format-code-task-000516	4
format-code-task-000517	3
format-code-task-000519	3
format-code-task-000520	3
format-code-task-000521	2
format-code-task-000522	3
format-code-task-000523	3
format-code-task-000524	3
format-code-task-000525	3
format-code-task-000526	3
format-code-task-000527	3
format-code-task-000528	4
format-code-task-000529	3
format-code-task-000530	3
format-code-task-000531	3
format-code-task-000532	2
format-code-task-000533	3
format-code-task-000534	3
format-code-task-000535	4
format-code-task-000537	2
format-code-task-000538	3
format-code-task-000539	4
format-code-task-000540	4
format-code-task-000541	3
format-code-task-000542	9
format-code-task-000543	3
format-code-task-000544	3
format-code-task-000545	2
format-code-task-000546	4
format-code-task-000547	4
format-code-task-000549	3
format-code-task-000550	2
format-code-task-000551	3
format-code-task-000552	2
format-code-task-000553	3
format-code-task-000554	4
format-code-task-000555	5
format-code-task-000556	3
format-code-task-000557	4
format-code-task-000558	3
format-code-task-000559	8
format-code-task-000560	3
format-code-task-000561	3
format-code-task-000562	5
format-code-task-000563	3
format-code-task-000564	3
format-code-task-000566	3
format-code-task-000567	3
format-code-task-000568	3
format-code-task-000569	3
format-code-task-000570	3
format-code-task-000571	3
format-code-task-000573	2
format-code-task-000574	4
format-code-task-000575	3
format-code-task-000576	9
format-code-task-000577	3
format-code-task-000578	3
format-code-task-000579	3
format-code-task-000580	3
format-code-task-000581	3
format-code-task-000582	3
format-code-task-000583	9
format-code-task-000584	3
format-code-task-000585	3
format-code-task-000586	3
format-code-task-000587	2
format-code-task-000588	3
format-code-task-000589	3
format-code-task-000590	3
format-code-task-000591	3
format-code-task-000592	3
format-code-task-000593	2
format-code-task-000595	7
format-code-task-000596	4
format-code-task-000598	3
format-code-task-000599	3
format-code-task-000600	5
format-code-task-000601	4
format-code-task-000602	3
format-code-task-000603	3
format-code-task-000604	17
format-code-task-000605	2
format-code-task-000606	4
format-code-task-000607	9
format-code-task-000609	6
format-code-task-000610	7
format-code-task-000611	3
format-code-task-000613	3
format-code-task-000614	3
format-code-task-000616	3
format-code-task-000617	2
format-code-task-000619	3
format-code-task-000620	6
format-code-task-000621	3
format-code-task-000622	3
format-code-task-000624	3
format-code-task-000625	3
format-code-task-000626	4
format-code-task-000627	3
format-code-task-000628	3
format-code-task-000629	12
format-code-task-000630	3
format-code-task-000631	5
format-code-task-000633	2
format-code-task-000634	3
format-code-task-000635	3
format-code-task-000636	3
format-code-task-000638	3
format-code-task-000639	3
format-code-task-000640	4
format-code-task-000641	3
format-code-task-000642	9
format-code-task-000643	3
format-code-task-000644	3
format-code-task-000645	3
format-code-task-000646	8
format-code-task-000647	3
format-code-task-000651	3
format-code-task-000652	3
format-code-task-000654	2
format-code-task-000655	3
format-code-task-000656	4
format-code-task-000657	3
format-code-task-000658	4
format-code-task-000659	2
format-code-task-000663	7
format-code-task-000664	4
format-code-task-000665	3
format-code-task-000666	2
format-code-task-000667	4
format-code-task-000668	5
format-code-task-000669	9
format-code-task-000670	2
format-code-task-000672	4
format-code-task-000673	3
format-code-task-000675	3
format-code-task-000676	3
format-code-task-000677	3
format-code-task-000678	4
format-code-task-000679	5
format-code-task-000680	3
format-code-task-000681	8
format-code-task-000683	3
format-code-task-000684	2
format-code-task-000685	9
format-code-task-000686	9
format-code-task-000691	3
format-code-task-000692	8
format-code-task-000693	3
format-code-task-000694	5
format-code-task-000695	5
format-code-task-000696	4
format-code-task-000697	4
format-code-task-000698	2
format-code-task-000699	3
format-code-task-000700	7
format-code-task-000701	3
format-code-task-000702	3
format-code-task-000703	3
format-code-task-000705	3
format-code-task-000706	3
format-code-task-000707	7
format-code-task-000708	3
format-code-task-000710	3
format-code-task-000712	4
format-code-task-000714	3
format-code-task-000715	3
format-code-task-000716	3
format-code-task-000717	3
format-code-task-000718	7
format-code-task-000719	7
format-code-task-000720	5
format-code-task-000721	9
format-code-task-000722	3
format-code-task-000723	4
format-code-task-000724	6
format-code-task-000725	4
format-code-task-000726	3
format-code-task-000727	6
format-code-task-000728	3
format-code-task-000729	4
format-code-task-000730	4
format-code-task-000732	3
format-code-task-000733	7
format-code-task-000734	3
format-code-task-000735	3
format-code-task-000736	4
format-code-task-000737	3
format-code-task-000738	3
format-code-task-000739	3
format-code-task-000740	3
format-code-task-000741	3
format-code-task-000742	2
format-code-task-000743	3
format-code-task-000744	4
format-code-task-000745	3
format-code-task-000746	3
format-code-task-000747	3
format-code-task-000748	4
format-code-task-000749	2
format-code-task-000750	3
format-code-task-000751	9
format-code-task-000752	5
format-code-task-000753	2
format-code-task-000754	4
format-code-task-000755	14
format-code-task-000756	4
format-code-task-000757	6
format-code-task-000758	5
format-code-task-000761	4
format-code-task-000762	6
format-code-task-000764	3
format-code-task-000766	3
format-code-task-000767	2
format-code-task-000768	3
format-code-task-000769	3
format-code-task-000771	3
format-code-task-000772	15
format-code-task-000773	3
format-code-task-000775	3
format-code-task-000776	17
format-code-task-000777	9
format-code-task-000778	9
format-code-task-000779	3
format-code-task-000780	3
format-code-task-000781	3
format-code-task-000783	2
format-code-task-000784	3
format-code-task-000785	6
format-code-task-000786	3
format-code-task-000787	3
format-code-task-000788	2
format-code-task-000790	2
format-code-task-000791	3
format-code-task-000792	2
format-code-task-000794	3
format-code-task-000795	3
format-code-task-000796	3
format-code-task-000797	9
format-code-task-000798	9
format-code-task-000799	3
format-code-task-000800	3
format-code-task-000802	2
format-code-task-000803	3
format-code-task-000804	3
format-code-task-000805	3
format-code-task-000807	3
format-code-task-000809	3
format-code-task-000810	3
format-code-task-000812	2
format-code-task-000813	2
format-code-task-000814	3
format-code-task-000815	3
format-code-task-000816	6
format-code-task-000817	9
format-code-task-000818	5
format-code-task-000819	3
format-code-task-000820	4
format-code-task-000821	3
format-code-task-000822	4
format-code-task-000823	3
format-code-task-000824	4
format-code-task-000825	3
format-code-task-000827	4
format-code-task-000828	3
format-code-task-000829	2
format-code-task-000830	4
format-code-task-000831	3
format-code-task-000832	2
format-code-task-000833	2
format-code-task-000834	3
format-code-task-000836	3
format-code-task-000837	3
format-code-task-000838	3
format-code-task-000839	3
format-code-task-000840	5
format-code-task-000841	3
format-code-task-000842	2
format-code-task-000843	3
format-code-task-000844	3
format-code-task-000846	3
format-code-task-000847	3
format-code-task-000850	3
format-code-task-000851	3
format-code-task-000852	9
format-code-task-000853	2
format-code-task-000854	2
format-code-task-000855	13
format-code-task-000856	3
format-code-task-000857	4
format-code-task-000858	9
format-code-task-000860	7
format-code-task-000861	4
format-code-task-000862	4
format-code-task-000863	4
format-code-task-000864	4
format-code-task-000865	3
format-code-task-000866	3
format-code-task-000867	8
format-code-task-000868	3
format-code-task-000870	3
format-code-task-000871	3
format-code-task-000872	3
format-code-task-000873	3
format-code-task-000874	3
format-code-task-000875	10
format-code-task-000876	17
format-code-task-000877	9
format-code-task-000878	2
format-code-task-000879	2
format-code-task-000880	4
format-code-task-000881	3
format-code-task-000882	3
format-code-task-000883	3
format-code-task-000885	7
format-code-task-000886	4
format-code-task-000887	3
format-code-task-000888	3
format-code-task-000889	4
format-code-task-000890	5
format-code-task-000891	5
format-code-task-000892	3
format-code-task-000893	5
format-code-task-000896	4
format-code-task-000897	5
format-code-task-000898	3
format-code-task-000899	3
format-code-task-000900	3
format-code-task-000901	15
format-code-task-000902	3
format-code-task-000903	4
format-code-task-000904	4
format-code-task-000905	2
format-code-task-000906	2
format-code-task-000907	5
format-code-task-000908	4
format-code-task-000909	5
format-code-task-000910	3
format-code-task-000911	3
format-code-task-000912	5
format-code-task-000913	9
format-code-task-000914	3
format-code-task-000915	3
format-code-task-000917	3
format-code-task-000918	3
format-code-task-000919	3
format-code-task-000920	3
format-code-task-000921	17
format-code-task-000922	3
format-code-task-000923	3
format-code-task-000924	3
format-code-task-000925	3
format-code-task-000926	3
format-code-task-000927	3
format-code-task-000928	5
format-code-task-000929	5
format-code-task-000930	2
format-code-task-000931	3
format-code-task-000932	3
format-code-task-000934	3
format-code-task-000935	3
format-code-task-000936	3
format-code-task-000937	3
format-code-task-000938	3
format-code-task-000939	3
format-code-task-000940	3
format-code-task-000941	3
format-code-task-000942	3
format-code-task-000943	5
format-code-task-000944	3
format-code-task-000945	3
format-code-task-000947	3
format-code-task-000948	4
format-code-task-000949	4
format-code-task-000950	2
format-code-task-000951	3
format-code-task-000952	5
format-code-task-000953	4
format-code-task-000954	6
format-code-task-000955	5
format-code-task-000956	3
format-code-task-000957	2
format-code-task-000958	4
format-code-task-000959	3
format-code-task-000960	6
format-code-task-000961	3
format-code-task-000962	4
format-code-task-000963	7
format-code-task-000964	3
format-code-task-000965	3
format-code-task-000966	3
format-code-task-000967	3
format-code-task-000968	3
format-code-task-000969	2
format-code-task-000970	5
format-code-task-000971	2
format-code-task-000972	3
format-code-task-000973	3
format-code-task-000974	3
format-code-task-000975	3
format-code-task-000976	3
format-code-task-000977	3
format-code-task-000978	7
format-code-task-000979	3
format-code-task-000980	3
format-code-task-000981	3
format-code-task-000982	3
format-code-task-000983	8
format-code-task-000984	3
format-code-task-000985	3
format-code-task-000986	3
format-code-task-000987	3
format-code-task-000988	7
format-code-task-000989	5
format-code-task-000990	3
format-code-task-000991	3
format-code-task-000992	3
format-code-task-000993	3
format-code-task-000994	2
format-code-task-000995	3
format-code-task-000996	3
format-code-task-000997	3
format-code-task-000998	3
format-code-task-000999	3
format-code-task-001000	4
format-code-task-001001	15
format-code-task-001002	3
format-code-task-001003	3
format-code-task-001004	5
format-code-task-001005	3
format-code-task-001006	6
format-code-task-001007	4
format-code-task-001008	3
format-code-task-001009	4
format-code-task-001010	2
format-code-task-001011	4
format-code-task-001013	3
format-code-task-001014	2
format-code-task-001015	8
format-code-task-001016	4
format-code-task-001017	2
format-code-task-001018	2
format-code-task-001019	3
format-code-task-001020	3
format-code-task-001021	3
format-code-task-001022	3
format-code-task-001023	2
format-code-task-001024	2
format-code-task-001025	3
format-code-task-001027	9
format-code-task-001028	3
format-code-task-001029	2
format-code-task-001030	9
format-code-task-001031	3
format-code-task-001032	4
format-code-task-001034	5
format-code-task-001035	3
format-code-task-001036	4
format-code-task-001037	7
format-code-task-001038	2
format-code-task-001039	6
format-code-task-001040	5
format-code-task-001041	4
format-code-task-001042	4
format-code-task-001043	9
format-code-task-001044	3
format-code-task-001045	3
format-code-task-001046	3
format-code-task-001047	7
format-code-task-001048	5
format-code-task-001049	3
format-code-task-001050	3
format-code-task-001051	3
format-code-task-001052	3
format-code-task-001053	3
format-code-task-001054	3
format-code-task-001055	3
format-code-task-001056	3
format-code-task-001057	3
format-code-task-001058	3
format-code-task-001059	5
format-code-task-001060	4
format-code-task-001061	3
format-code-task-001062	2
format-code-task-001063	2
format-code-task-001064	3
format-code-task-001065	3
format-code-task-001066	3
format-code-task-001067	4
format-code-task-001068	3
format-code-task-001069	4
format-code-task-001070	3
format-code-task-001071	3
format-code-task-001072	3
format-code-task-001073	8
format-code-task-001074	4
format-code-task-001075	3
format-code-task-001076	2
format-code-task-001077	3
format-code-task-001078	3
format-code-task-001079	3
format-code-task-001080	3
format-code-task-001081	3
format-code-task-001082	3
format-code-task-001083	3
format-code-task-001084	3
format-code-task-001085	7
format-code-task-001086	3
format-code-task-001087	3
format-code-task-001089	3
format-code-task-001090	3
format-code-task-001091	2
format-code-task-001092	3
format-code-task-001093	3
format-code-task-001094	3
format-code-task-001095	2
format-code-task-001096	6
format-code-task-001097	3
format-code-task-001098	6
format-code-task-001099	3
format-code-task-001100	3
format-code-task-001101	3
format-code-task-001102	9
format-code-task-001103	2
format-code-task-001105	3
format-code-task-001106	3
format-code-task-001107	4
format-code-task-001108	9
format-code-task-001110	3
format-code-task-001111	3
format-code-task-001112	2
format-code-task-001113	4
format-code-task-001114	3
format-code-task-001115	3
format-code-task-001116	3
format-code-task-001117	3
format-code-task-001118	3
format-code-task-001119	3
format-code-task-001121	3
format-code-task-001122	3
format-code-task-001123	4
format-code-task-001124	2
format-code-task-001125	3
format-code-task-001126	9
format-code-task-001127	3
format-code-task-001128	3
format-code-task-001129	3
format-code-task-001130	3
format-code-task-001131	3
format-code-task-001132	3
format-code-task-001133	5
format-code-task-001134	2
format-code-task-001135	4
format-code-task-001136	2
format-code-task-001137	2
format-code-task-001138	3
format-code-task-001139	3
format-code-task-001140	2
format-code-task-001141	4
format-code-task-001142	2
format-code-task-001143	3
format-code-task-001144	3
format-code-task-001145	3
format-code-task-001146	3
format-code-task-001147	3
format-code-task-001148	3
format-code-task-001149	3
format-code-task-001150	3
format-code-task-001151	3
format-code-task-001152	3
format-code-task-001153	8
format-code-task-001154	3
format-code-task-001155	7
format-code-task-001156	3
format-code-task-001157	5
format-code-task-001159	7
format-code-task-001160	2
format-code-task-001161	2
format-code-task-001162	4
format-code-task-001163	3
format-code-task-001164	3
format-code-task-001165	5
format-code-task-001166	3
format-code-task-001167	3
format-code-task-001168	3
format-code-task-001169	4
format-code-task-001170	3
format-code-task-001171	3
format-code-task-001172	3
format-code-task-001173	7
format-code-task-001174	3
format-code-task-001175	2
format-code-task-001176	2
format-code-task-001177	3
format-code-task-001178	3
format-code-task-001179	3
format-code-task-001180	3
format-code-task-001181	3
format-code-task-001182	2
format-code-task-001183	3
format-code-task-001184	3
format-code-task-001185	3
format-code-task-001186	4
format-code-task-001187	7
format-code-task-001188	4
format-code-task-001189	2
format-code-task-001190	6
format-code-task-001191	3
format-code-task-001192	4
format-code-task-001193	4
format-code-task-001194	4
format-code-task-001195	9
format-code-task-001196	3
format-code-task-001197	3
format-code-task-001198	3
format-code-task-001199	3
format-code-task-001200	2
format-code-task-001201	2
format-code-task-001203	4
format-code-task-001204	6
format-code-task-001205	3
format-code-task-001207	3
format-code-task-001208	3
format-code-task-001209	2
format-code-task-001210	3
format-code-task-001211	3
format-code-task-001212	3
format-code-task-001214	6
format-code-task-001215	3
format-code-task-001216	3
format-code-task-001217	3
format-code-task-001218	3
format-code-task-001219	3
format-code-task-001220	3
format-code-task-001221	3
format-code-task-001222	2
format-code-task-001223	7
format-code-task-001224	3
format-code-task-001227	2
format-code-task-001228	3
format-code-task-001229	3
format-code-task-001231	4
format-code-task-001232	3
format-code-task-001233	6
format-code-task-001234	9
format-code-task-001235	7
format-code-task-001236	9
format-code-task-001237	7
format-code-task-001238	3
format-code-task-001239	9
format-code-task-001240	6
format-code-task-001241	3
format-code-task-001242	2
format-code-task-001243	3
format-code-task-001244	16
format-code-task-001246	3
format-code-task-001247	3
format-code-task-001248	3
format-code-task-001249	3
format-code-task-001250	3
format-code-task-001251	3
format-code-task-001252	3
format-code-task-001253	3
format-code-task-001254	3
format-code-task-001255	3
format-code-task-001256	3
format-code-task-001257	3
format-code-task-001258	3
format-code-task-001259	3
format-code-task-001260	3
format-code-task-001261	3
format-code-task-001262	3
format-code-task-001263	3
format-code-task-001264	3
format-code-task-001265	3
format-code-task-001266	5
format-code-task-001267	3
format-code-task-001268	3
format-code-task-001269	2
format-code-task-001270	3
format-code-task-001272	3
format-code-task-001273	3
format-code-task-001274	3
format-code-task-001277	3
format-code-task-001279	5
format-code-task-001281	6
format-code-task-001283	5
format-code-task-001285	3
format-code-task-001286	3
format-code-task-001287	2
format-code-task-001290	9
format-code-task-001291	2
format-code-task-001292	3
format-code-task-001294	4
format-code-task-001295	6
format-code-task-001296	3
format-code-task-001297	4
format-code-task-001298	7
format-code-task-001299	4
format-code-task-001300	5
format-code-task-001301	6
format-code-task-001302	4
format-code-task-001303	4
format-code-task-001304	4
format-code-task-001305	3
format-code-task-001306	3
format-code-task-001307	3
format-code-task-001308	3
format-code-task-001309	3
format-code-task-001310	3
format-code-task-001311	3
format-code-task-001312	3
format-code-task-001314	3
format-code-task-001316	3
format-code-task-001317	3
format-code-task-001318	3
format-code-task-001319	3
format-code-task-001320	3
format-code-task-001321	2
format-code-task-001322	3
format-code-task-001323	3
format-code-task-001324	3
format-code-task-001325	4
format-code-task-001326	3
format-code-task-001327	6
format-code-task-001329	6
format-code-task-001330	3
format-code-task-001331	3
format-code-task-001332	3
format-code-task-001333	3
format-code-task-001334	3
format-code-task-001335	2
format-code-task-001336	2
format-code-task-001337	3
format-code-task-001338	2
format-code-task-001340	6
format-code-task-001341	6
format-code-task-001342	3
format-code-task-001343	3
format-code-task-001345	2
format-code-task-001346	4
format-code-task-001347	3
format-code-task-001348	4
format-code-task-001349	4
format-code-task-001350	5
format-code-task-001352	4
format-code-task-001355	3
format-code-task-001356	3
format-code-task-001358	3
format-code-task-001360	3
format-code-task-001361	4
format-code-task-001364	3
format-code-task-001365	6
format-code-task-001366	4
format-code-task-001367	3
format-code-task-001368	3
format-code-task-001369	2
format-code-task-001371	2
format-code-task-001372	3
format-code-task-001373	3
format-code-task-001374	3
format-code-task-001375	3
format-code-task-001377	4
format-code-task-001378	7
format-code-task-001379	5
format-code-task-001380	4
format-code-task-001381	3
format-code-task-001382	5
format-code-task-001383	3
format-code-task-001384	6
format-code-task-001386	3
format-code-task-001387	9
format-code-task-001388	9
format-code-task-001389	5
format-code-task-001390	5
format-code-task-001391	6
format-code-task-001392	4
format-code-task-001393	3
format-code-task-001394	3
format-code-task-001395	3
format-code-task-001396	4
format-code-task-001399	3
format-code-task-001400	2
format-code-task-001401	3
format-code-task-001402	4
format-code-task-001403	3
format-code-task-001404	3
format-code-task-001406	3
format-code-task-001408	4
format-code-task-001409	4
format-code-task-001410	14
format-code-task-001411	16
format-code-task-001413	3
format-code-task-001415	2
format-code-task-001416	2
format-code-task-001417	3
format-code-task-001418	3
format-code-task-001419	8
format-code-task-001420	14
format-code-task-001421	3
format-code-task-001422	3
format-code-task-001423	3
format-code-task-001424	2
format-code-task-001425	2
format-code-task-001426	3
format-code-task-001428	2
format-code-task-001429	14
format-code-task-001431	2
format-code-task-001432	3
format-code-task-001433	3
format-code-task-001435	2
format-code-task-001436	5
format-code-task-001437	3
format-code-task-001438	4
format-code-task-001439	4
format-code-task-001440	3
format-code-task-001441	3
format-code-task-001442	3
format-code-task-001444	3
format-code-task-001445	4
format-code-task-001446	3
format-code-task-001447	6
format-code-task-001448	9
format-code-task-001449	4
format-code-task-001450	6
format-code-task-001451	16
format-code-task-001452	9
format-code-task-001453	10
format-code-task-001455	3
format-code-task-001456	5
format-code-task-001457	3
format-code-task-001458	3
format-code-task-001459	5
format-code-task-001460	2
format-code-task-001461	3
format-code-task-001462	2
format-code-task-001463	4
format-code-task-001464	2
format-code-task-001465	3
format-code-task-001466	3
format-code-task-001467	5
format-code-task-001468	3
format-code-task-001469	3
format-code-task-001471	2
format-code-task-001472	3
format-code-task-001473	3
format-code-task-001474	2
format-code-task-001475	3
format-code-task-001476	3
format-code-task-001477	3
format-code-task-001478	3
format-code-task-001479	2
format-code-task-001480	3
format-code-task-001481	3
format-code-task-001482	3
format-code-task-001483	3
format-code-task-001484	3
format-code-task-001486	3
format-code-task-001487	3
format-code-task-001488	3
format-code-task-001489	3
format-code-task-001490	3
format-code-task-001491	3
format-code-task-001492	3
format-code-task-001493	3
format-code-task-001494	2
format-code-task-001495	3
format-code-task-001497	3
format-code-task-001498	3
format-code-task-001499	3
format-code-task-001501	3
format-code-task-001502	3
format-code-task-001503	3
format-code-task-001504	3
format-code-task-001505	3
format-code-task-001506	3
format-code-task-001507	3
format-code-task-001508	3
format-code-task-001510	3
format-code-task-001511	3
format-code-task-001512	3
format-code-task-001513	4
format-code-task-001514	3
format-code-task-001517	3
format-code-task-001518	3
format-code-task-001519	3
format-code-task-001520	2
format-code-task-001521	7
format-code-task-001522	7
format-code-task-001523	3
format-code-task-001524	2
format-code-task-001525	2
format-code-task-001526	3
format-code-task-001527	8
format-code-task-001529	5
format-code-task-001530	3
format-code-task-001531	3
format-code-task-001532	3
format-code-task-001533	3
format-code-task-001534	3
format-code-task-001535	3
format-code-task-001536	5
format-code-task-001537	3
format-code-task-001539	3
format-code-task-001540	9
format-code-task-001541	3
format-code-task-001542	3
format-code-task-001543	3
format-code-task-001544	3
format-code-task-001546	3
format-code-task-001547	3
format-code-task-001548	3
format-code-task-001549	11
format-code-task-001550	3
format-code-task-001551	3
format-code-task-001552	3
format-code-task-001553	3
format-code-task-001554	3
format-code-task-001555	2
format-code-task-001556	3
format-code-task-001558	3
format-code-task-001559	3
format-code-task-001560	3
format-code-task-001561	3
format-code-task-001562	3
format-code-task-001563	3
format-code-task-001564	3
format-code-task-001565	3
format-code-task-001566	5
format-code-task-001567	6
format-code-task-001568	5
format-code-task-001571	2
format-code-task-001572	7
format-code-task-001573	4
format-code-task-001574	3
format-code-task-001575	4
format-code-task-001576	4
format-code-task-001578	3
format-code-task-001579	4
format-code-task-001580	4
format-code-task-001581	5
format-code-task-001582	4
format-code-task-001583	3
format-code-task-001584	3
format-code-task-001587	3
format-code-task-001589	8
format-code-task-001590	3
format-code-task-001591	6
format-code-task-001592	6
format-code-task-001593	5
format-code-task-001594	9
format-code-task-001595	9
format-code-task-001596	9
format-code-task-001598	4
format-code-task-001599	3
format-code-task-001600	3
format-code-task-001601	3
format-code-task-001602	3
format-code-task-001603	4
format-code-task-001605	3
format-code-task-001606	3
format-code-task-001607	3
format-code-task-001608	3
format-code-task-001609	2
format-code-task-001611	6
format-code-task-001612	3
format-code-task-001614	4
format-code-task-001615	3
format-code-task-001616	3
format-code-task-001617	2
format-code-task-001618	3
format-code-task-001620	3
format-code-task-001621	4
format-code-task-001622	2
format-code-task-001623	3
format-code-task-001624	3
format-code-task-001625	5
format-code-task-001626	2
format-code-task-001627	3
format-code-task-001628	5
format-code-task-001629	6
format-code-task-001630	5
format-code-task-001631	6
format-code-task-001632	7
format-code-task-001633	9
format-code-task-001635	3
format-code-task-001636	16
format-code-task-001637	3
format-code-task-001638	3
format-code-task-001639	3
format-code-task-001640	2
format-code-task-001641	2
format-code-task-001642	3
format-code-task-001643	3
format-code-task-001644	2
format-code-task-001645	3
format-code-task-001647	3
format-code-task-001648	3
format-code-task-001649	3
format-code-task-001650	3
format-code-task-001651	3
format-code-task-001652	3
format-code-task-001653	3
format-code-task-001654	3
format-code-task-001655	3
format-code-task-001656	6
format-code-task-001657	3
format-code-task-001659	3
format-code-task-001660	3
format-code-task-001661	2
format-code-task-001662	5
format-code-task-001663	6
format-code-task-001664	4
format-code-task-001666	3
format-code-task-001667	4
format-code-task-001669	3
format-code-task-001670	3
format-code-task-001671	3
format-code-task-001672	3
format-code-task-001673	3
format-code-task-001674	3
format-code-task-001675	2
format-code-task-001677	2
format-code-task-001678	3
format-code-task-001679	3
format-code-task-001680	3
format-code-task-001681	5
format-code-task-001682	3
format-code-task-001683	3
format-code-task-001684	2
format-code-task-001685	7
format-code-task-001686	3
format-code-task-001687	6
format-code-task-001688	3
format-code-task-001689	4
format-code-task-001690	3
format-code-task-001691	3
format-code-task-001692	3
format-code-task-001694	3
format-code-task-001695	3
format-code-task-001696	3
format-code-task-001697	3
format-code-task-001699	5
format-code-task-001700	5
format-code-task-001701	3
format-code-task-001702	3
format-code-task-001703	3
format-code-task-001705	8
format-code-task-001706	8
format-code-task-001708	3
format-code-task-001709	3
format-code-task-001710	2
format-code-task-001711	2
format-code-task-001712	4
format-code-task-001713	4
format-code-task-001714	5
format-code-task-001715	10
format-code-task-001716	3
format-code-task-001717	5
format-code-task-001718	9
format-code-task-001719	9
format-code-task-001720	9
format-code-task-001721	4
format-code-task-001722	5
format-code-task-001723	4
format-code-task-001724	4
format-code-task-001725	4
format-code-task-001726	9
format-code-task-001727	7
format-code-task-001728	4
format-code-task-001729	4
format-code-task-001732	6
format-code-task-001733	8
format-code-task-001734	5
format-code-task-001735	4
format-code-task-001736	9
format-code-task-001737	8
format-code-task-001738	4
format-code-task-001739	9
format-code-task-001740	9
format-code-task-001741	6
format-code-task-001742	6
format-code-task-001743	3
format-code-task-001744	4
format-code-task-001745	4
format-code-task-001746	3
format-code-task-001747	6
format-code-task-001748	8
format-code-task-001749	4
format-code-task-001751	3
format-code-task-001752	3
format-code-task-001753	6
format-code-task-001756	3
format-code-task-001757	3
format-code-task-001758	3
format-code-task-001759	5
format-code-task-001760	2
format-code-task-001761	3
format-code-task-001762	2
format-code-task-001763	5
format-code-task-001764	4
format-code-task-001765	3
format-code-task-001766	3
format-code-task-001767	3
format-code-task-001768	4
format-code-task-001769	7
format-code-task-001770	3
format-code-task-001771	3
format-code-task-001773	4
format-code-task-001774	3
format-code-task-001775	3
format-code-task-001776	4
format-code-task-001777	4
format-code-task-001778	4
format-code-task-001779	2
format-code-task-001780	4
format-code-task-001782	3
format-code-task-001783	3
format-code-task-001784	2
format-code-task-001785	3
format-code-task-001786	3
format-code-task-001787	3
format-code-task-001788	5
format-code-task-001790	6
format-code-task-001791	3
format-code-task-001793	2
format-code-task-001794	9
format-code-task-001795	9
format-code-task-001796	3
format-code-task-001797	3
format-code-task-001798	4
format-code-task-001800	6
format-code-task-001801	3
format-code-task-001802	3
format-code-task-001803	9
format-code-task-001804	3
format-code-task-001808	3
format-code-task-001809	3
format-code-task-001810	3
format-code-task-001811	3
format-code-task-001813	3
format-code-task-001815	3
format-code-task-001816	3
format-code-task-001817	2
format-code-task-001818	3
format-code-task-001820	3
format-code-task-001824	3
format-code-task-001825	3
format-code-task-001826	4
format-code-task-001827	3
format-code-task-001828	3
format-code-task-001829	4
format-code-task-001830	3
format-code-task-001831	3
format-code-task-001832	3
format-code-task-001833	2
format-code-task-001834	3
format-code-task-001835	2
format-code-task-001836	8
format-code-task-001837	3
format-code-task-001838	3
format-code-task-001839	4
format-code-task-001840	3
format-code-task-001841	3
format-code-task-001843	3
format-code-task-001844	3
format-code-task-001845	3
format-code-task-001846	3
format-code-task-001847	3
format-code-task-001848	3
format-code-task-001849	2
format-code-task-001850	3
format-code-task-001853	3
format-code-task-001855	4
format-code-task-001856	16
format-code-task-001857	2
format-code-task-001858	3
format-code-task-001859	3
format-code-task-001860	2
format-code-task-001861	3
format-code-task-001862	3
format-code-task-001863	3
format-code-task-001864	6
format-code-task-001865	2
format-code-task-001866	5
format-code-task-001868	2
format-code-task-001869	3
format-code-task-001870	3
format-code-task-001871	3
format-code-task-001872	4
format-code-task-001873	3
format-code-task-001874	4
format-code-task-001875	3
format-code-task-001876	3
format-code-task-001878	3
format-code-task-001879	2
format-code-task-001880	3
format-code-task-001881	3
format-code-task-001882	3
format-code-task-001883	3
format-code-task-001884	3
format-code-task-001886	3
format-code-task-001887	3
format-code-task-001889	3
format-code-task-001890	7
format-code-task-001891	2
format-code-task-001893	4
format-code-task-001894	5
format-code-task-001895	9
format-code-task-001896	2
format-code-task-001897	2
format-code-task-001898	3
format-code-task-001899	3
format-code-task-001900	6
format-code-task-001901	4
format-code-task-001902	3
format-code-task-001903	4
format-code-task-001904	3
format-code-task-001905	3
format-code-task-001906	3
format-code-task-001907	5
format-code-task-001908	3
format-code-task-001909	3
format-code-task-001911	4
format-code-task-001913	4
format-code-task-001914	3
format-code-task-001915	3
format-code-task-001916	6
format-code-task-001917	3
format-code-task-001918	3
format-code-task-001919	3
format-code-task-001920	11
format-code-task-001921	3
format-code-task-001922	4
format-code-task-001923	9
format-code-task-001924	4
format-code-task-001925	3
format-code-task-001926	3
format-code-task-001927	3
format-code-task-001929	4
format-code-task-001930	3
format-code-task-001931	3
format-code-task-001932	3
format-code-task-001933	4
format-code-task-001934	4
format-code-task-001935	3
format-code-task-001936	2
format-code-task-001937	3
format-code-task-001938	3
format-code-task-001939	9
format-code-task-001940	2
format-code-task-001941	3
format-code-task-001942	3
format-code-task-001943	5
format-code-task-001944	9
format-code-task-001945	3
format-code-task-001946	3
format-code-task-001947	4
format-code-task-001948	3
format-code-task-001949	3
format-code-task-001950	3
format-code-task-001951	3
format-code-task-001952	3
format-code-task-001954	3
format-code-task-001955	3
format-code-task-001956	3
format-code-task-001957	7
format-code-task-001959	3
format-code-task-001960	3
format-code-task-001961	4
format-code-task-001962	3
format-code-task-001963	2
format-code-task-001964	3
format-code-task-001965	9
format-code-task-001966	2
format-code-task-001968	3
format-code-task-001969	3
format-code-task-001970	3
format-code-task-001971	3
format-code-task-001973	3
format-code-task-001974	3
format-code-task-001975	3
format-code-task-001976	4
format-code-task-001977	3
format-code-task-001979	3
format-code-task-001980	2
format-code-task-001981	3
format-code-task-001982	3
format-code-task-001983	3
format-code-task-001984	2
format-code-task-001985	3
format-code-task-001986	3
format-code-task-001987	2
format-code-task-001988	3
format-code-task-001989	3
format-code-task-001990	4
format-code-task-001991	3
format-code-task-001992	3
format-code-task-001993	3
format-code-task-001994	2
format-code-task-001995	4
format-code-task-001996	4
format-code-task-001997	13
format-code-task-001998	3
format-code-task-001999	4
format-code-task-002000	8
format-code-task-002001	3
format-code-task-002002	2
format-code-task-002003	2
format-code-task-002004	3
format-code-task-002007	4
format-code-task-002008	4
format-code-task-002012	2
format-code-task-002014	3
format-code-task-002015	4
format-code-task-002016	3
format-code-task-002017	3
format-code-task-002019	17
format-code-task-002020	2
format-code-task-002021	2
format-code-task-002022	3
format-code-task-002023	3
format-code-task-002024	3
format-code-task-002025	3
format-code-task-002026	2
format-code-task-002027	3
format-code-task-002028	2
format-code-task-002029	3
format-code-task-002030	3
format-code-task-002031	6
format-code-task-002032	3
format-code-task-002033	3
format-code-task-002034	5
format-code-task-002035	5
format-code-task-002036	3
format-code-task-002037	3
format-code-task-002038	3
format-code-task-002039	4
format-code-task-002040	3
format-code-task-002041	3
format-code-task-002042	2
format-code-task-002043	13
format-code-task-002045	3
format-code-task-002046	9
format-code-task-002047	3
format-code-task-002048	3
format-code-task-002050	3
format-code-task-002051	3
format-code-task-002052	3
format-code-task-002053	3
format-code-task-002055	3
format-code-task-002056	4
format-code-task-002057	6
format-code-task-002060	7
format-code-task-002061	3
format-code-task-002062	3
format-code-task-002063	3
format-code-task-002064	4
format-code-task-002065	3
format-code-task-002067	3
format-code-task-002069	3
format-code-task-002070	3
format-code-task-002071	3
format-code-task-002072	3
format-code-task-002073	5
format-code-task-002074	4
format-code-task-002076	11
format-code-task-002077	11
format-code-task-002078	13
format-code-task-002079	3
format-code-task-002080	4
format-code-task-002081	3
format-code-task-002082	6
format-code-task-002083	2
format-code-task-002084	3
format-code-task-002085	3
format-code-task-002087	3
format-code-task-002088	10
format-code-task-002089	2
format-code-task-002090	2
format-code-task-002092	3
format-code-task-002093	3
format-code-task-002096	3
format-code-task-002097	3
format-code-task-002098	9
format-code-task-002099	3
format-code-task-002100	3
format-code-task-002101	3
format-code-task-002102	4
format-code-task-002103	2
format-code-task-002104	2
format-code-task-002105	2
format-code-task-002106	3
format-code-task-002107	3
format-code-task-002108	2
format-code-task-002109	4
format-code-task-002110	4
format-code-task-002111	4
format-code-task-002112	4
format-code-task-002113	9
format-code-task-002115	3
format-code-task-002117	3
format-code-task-002119	6
format-code-task-002120	3
format-code-task-002121	3
format-code-task-002122	3
format-code-task-002123	3
format-code-task-002126	2
format-code-task-002127	2
format-code-task-002128	3
format-code-task-002129	3
format-code-task-002130	2
format-code-task-002131	4
format-code-task-002132	6
format-code-task-002133	4
format-code-task-002134	3
format-code-task-002135	3
format-code-task-002136	3
format-code-task-002137	3
format-code-task-002138	3
format-code-task-002139	2
format-code-task-002140	9
format-code-task-002141	3
format-code-task-002142	3
format-code-task-002143	3
format-code-task-002144	3
format-code-task-002145	9
format-code-task-002146	4
format-code-task-002147	3
format-code-task-002148	9
format-code-task-002149	3
format-code-task-002150	4
format-code-task-002151	5
format-code-task-002152	8
format-code-task-002153	3
format-code-task-002154	8
format-code-task-002155	9
format-code-task-002156	3
format-code-task-002157	6
format-code-task-002158	3
format-code-task-002159	3
format-code-task-002160	3
format-code-task-002162	3
format-code-task-002163	8
format-code-task-002164	3
format-code-task-002165	3
format-code-task-002169	4
format-code-task-002170	3
format-code-task-002171	2
format-code-task-002172	3
format-code-task-002173	8
format-code-task-002174	6
format-code-task-002175	4
format-code-task-002176	4
format-code-task-002177	3
format-code-task-002178	3
format-code-task-002179	3
format-code-task-002180	5
format-code-task-002181	5
format-code-task-002182	8
format-code-task-002183	9
format-code-task-002185	2
format-code-task-002186	3
format-code-task-002187	4
format-code-task-002188	3
format-code-task-002189	2
format-code-task-002190	3
format-code-task-002191	2
format-code-task-002195	4
format-code-task-002196	4
format-code-task-002197	4
format-code-task-002198	4
format-code-task-002199	4
format-code-task-002201	4
format-code-task-002202	4
format-code-task-002204	4
format-code-task-002205	4
format-code-task-002206	4
format-code-task-002207	4
format-code-task-002208	3
format-code-task-002209	4
format-code-task-002210	4
format-code-task-002211	4
format-code-task-002212	4
format-code-task-002213	2
format-code-task-002214	4
format-code-task-002215	4
format-code-task-002216	4
format-code-task-002218	4
format-code-task-002219	4
format-code-task-002220	3
format-code-task-002221	4
format-code-task-002222	4
format-code-task-002224	4
format-code-task-002226	3
format-code-task-002228	4
format-code-task-002229	3
format-code-task-002230	13
format-code-task-002231	4
format-code-task-002233	4
format-code-task-002238	3
format-code-task-002239	3
format-code-task-002240	5
format-code-task-002242	8
format-code-task-002243	3
format-code-task-002245	6
format-code-task-002246	3
format-code-task-002247	3
format-code-task-002248	3
format-code-task-002249	4
format-code-task-002250	2
format-code-task-002251	2
format-code-task-002252	6
format-code-task-002253	2
format-code-task-002254	3
format-code-task-002255	3
format-code-task-002256	2
format-code-task-002259	2
format-code-task-002260	3
format-code-task-002262	2
format-code-task-002263	4
format-code-task-002264	4
format-code-task-002265	4
format-code-task-002266	4
format-code-task-002267	4
format-code-task-002268	3
format-code-task-002269	5
format-code-task-002270	5
format-code-task-002271	3
format-code-task-002272	7
format-code-task-002273	4
format-code-task-002274	3
format-code-task-002275	9
format-code-task-002276	4
format-code-task-002277	4
format-code-task-002278	6
format-code-task-002281	3
format-code-task-002282	4
format-code-task-002283	4
format-code-task-002285	3
format-code-task-002287	3
format-code-task-002288	3
format-code-task-002289	3
format-code-task-002290	3
format-code-task-002291	3
format-code-task-002292	3
format-code-task-002293	4
format-code-task-002294	3
format-code-task-002295	9
format-code-task-002296	3
format-code-task-002298	3
format-code-task-002299	3
format-code-task-002300	3
format-code-task-002301	5
format-code-task-002302	3
format-code-task-002303	2
format-code-task-002304	3
format-code-task-002305	3
format-code-task-002306	3
format-code-task-002307	3
format-code-task-002308	3
format-code-task-002309	9
format-code-task-002311	3
format-code-task-002312	3
format-code-task-002313	3
format-code-task-002314	7
format-code-task-002315	6
format-code-task-002316	7
format-code-task-002317	9
format-code-task-002320	11
format-code-task-002321	9
format-code-task-002322	11
format-code-task-002323	14
format-code-task-002324	13
format-code-task-002325	14
format-code-task-002326	14
format-code-task-002327	14
format-code-task-002328	11
format-code-task-002329	11
format-code-task-002330	5
format-code-task-002332	8
format-code-task-002333	3
format-code-task-002334	6
format-code-task-002335	3
format-code-task-002336	3
format-code-task-002338	3
format-code-task-002339	5
format-code-task-002340	3
format-code-task-002341	3
format-code-task-002343	11
format-code-task-002344	7
format-code-task-002345	3
format-code-task-002346	4
format-code-task-002347	5
format-code-task-002349	3
format-code-task-002350	3
format-code-task-002351	3
format-code-task-002352	3
format-code-task-002353	3
format-code-task-002354	4
format-code-task-002355	3
format-code-task-002356	3
format-code-task-002357	4
format-code-task-002358	3
format-code-task-002359	3
format-code-task-002360	3
format-code-task-002361	17
format-code-task-002362	5
format-code-task-002364	3
format-code-task-002365	3
format-code-task-002366	3
format-code-task-002367	3
format-code-task-002368	6
format-code-task-002370	3
format-code-task-002371	3
format-code-task-002372	3
format-code-task-002373	3
format-code-task-002374	2
format-code-task-002375	3
format-code-task-002376	3
format-code-task-002377	2
format-code-task-002378	2
format-code-task-002379	3
format-code-task-002380	3
format-code-task-002382	3
format-code-task-002383	3
format-code-task-002384	3
format-code-task-002385	3
format-code-task-002386	3
format-code-task-002387	3
format-code-task-002388	3
format-code-task-002389	3
format-code-task-002390	3
format-code-task-002391	3
format-code-task-002393	3
format-code-task-002394	3
format-code-task-002395	3
format-code-task-002396	3
format-code-task-002397	2
format-code-task-002398	3
format-code-task-002399	3
format-code-task-002400	3
format-code-task-002401	3
format-code-task-002402	4
format-code-task-002403	2
format-code-task-002404	2
format-code-task-002405	9
format-code-task-002406	3
format-code-task-002407	3
format-code-task-002408	3
format-code-task-002409	3
format-code-task-002410	3
format-code-task-002411	3
format-code-task-002412	3
format-code-task-002413	3
format-code-task-002414	5
format-code-task-002415	3
format-code-task-002416	5
format-code-task-002418	3
format-code-task-002419	2
format-code-task-002421	4
format-code-task-002422	6
format-code-task-002423	3
format-code-task-002425	4
format-code-task-002426	4
format-code-task-002427	5
format-code-task-002428	7
format-code-task-002429	6
format-code-task-002430	6
format-code-task-002431	7
format-code-task-002432	5
format-code-task-002433	5
format-code-task-002434	3
format-code-task-002435	5
format-code-task-002436	7
format-code-task-002437	5
format-code-task-002438	6
format-code-task-002439	5
format-code-task-002440	5
format-code-task-002441	5
format-code-task-002442	6
format-code-task-002443	3
format-code-task-002444	6
format-code-task-002445	3
format-code-task-002446	4
format-code-task-002450	3
format-code-task-002451	3
format-code-task-002452	3
format-code-task-002453	4
format-code-task-002454	3
format-code-task-002455	3
format-code-task-002457	4
format-code-task-002458	2
format-code-task-002459	3
format-code-task-002460	3
format-code-task-002461	3
format-code-task-002462	3
format-code-task-002463	4
format-code-task-002465	7
format-code-task-002466	3
format-code-task-002468	3
format-code-task-002469	2
format-code-task-002470	3
format-code-task-002471	4
format-code-task-002472	5
format-code-task-002474	9
format-code-task-002475	3
format-code-task-002476	2
format-code-task-002477	3
format-code-task-002478	3
format-code-task-002479	3
format-code-task-002480	2
format-code-task-002481	6
format-code-task-002482	2
format-code-task-002483	3
format-code-task-002486	2
format-code-task-002487	3
format-code-task-002488	5
format-code-task-002489	3
format-code-task-002490	5
format-code-task-002491	3
format-code-task-002492	5
format-code-task-002493	3
format-code-task-002494	3
format-code-task-002495	3
format-code-task-002496	3
format-code-task-002499	3
format-code-task-002500	3
format-code-task-002502	17
format-code-task-002503	6
format-code-task-002504	2
format-code-task-002505	4
format-code-task-002506	3
format-code-task-002507	3
format-code-task-002508	3
format-code-task-002509	4
format-code-task-002510	4
format-code-task-002511	2
format-code-task-002512	6
format-code-task-002513	4
format-code-task-002515	3
format-code-task-002516	3
format-code-task-002518	4
format-code-task-002519	3
format-code-task-002520	2
format-code-task-002521	2
format-code-task-002522	3
format-code-task-002523	3
format-code-task-002525	3
format-code-task-002528	3
format-code-task-002529	3
format-code-task-002531	7
format-code-task-002532	3
format-code-task-002533	2
format-code-task-002535	3
format-code-task-002536	3
format-code-task-002537	3
format-code-task-002538	3
format-code-task-002539	2
format-code-task-002540	3
format-code-task-002541	2
format-code-task-002542	2
format-code-task-002543	2
format-code-task-002544	3
format-code-task-002545	3
format-code-task-002547	8
format-code-task-002548	3
format-code-task-002549	3
format-code-task-002550	2
format-code-task-002551	3
format-code-task-002552	3
format-code-task-002554	3
format-code-task-002555	3
format-code-task-002557	3
format-code-task-002558	12
format-code-task-002559	9
format-code-task-002560	3
format-code-task-002561	2
format-code-task-002562	2
format-code-task-002563	2
format-code-task-002564	3
format-code-task-002566	3
format-code-task-002567	3
format-code-task-002568	2
format-code-task-002569	2
format-code-task-002570	3
format-code-task-002571	3
format-code-task-002572	2
format-code-task-002573	3
format-code-task-002574	3
format-code-task-002578	3
format-code-task-002579	4
format-code-task-002580	3
format-code-task-002581	3
format-code-task-002582	3
format-code-task-002586	3
format-code-task-002587	3
format-code-task-002588	6
format-code-task-002589	2
format-code-task-002590	2
format-code-task-002591	3
format-code-task-002593	3
format-code-task-002594	3
format-code-task-002595	3
format-code-task-002596	2
format-code-task-002597	4
format-code-task-002598	4
format-code-task-002599	3
format-code-task-002600	3
format-code-task-002601	2
format-code-task-002602	3
format-code-task-002605	4
format-code-task-002606	6
format-code-task-002609	3
format-code-task-002610	3
format-code-task-002611	3
format-code-task-002612	2
format-code-task-002613	3
format-code-task-002614	3
format-code-task-002615	3
format-code-task-002616	5
format-code-task-002617	3
format-code-task-002618	3
format-code-task-002619	3
format-code-task-002620	2
format-code-task-002621	2
format-code-task-002622	3
format-code-task-002623	4
format-code-task-002624	3
format-code-task-002626	2
format-code-task-002627	3
format-code-task-002628	3
format-code-task-002629	3
format-code-task-002630	8
format-code-task-002631	3
format-code-task-002632	3
format-code-task-002633	3
format-code-task-002634	3
format-code-task-002635	3
format-code-task-002636	3
format-code-task-002637	3
format-code-task-002638	3
format-code-task-002639	3
format-code-task-002640	3
format-code-task-002641	5
format-code-task-002642	4
format-code-task-002643	3
format-code-task-002644	3
format-code-task-002645	4
format-code-task-002646	3
format-code-task-002647	3
format-code-task-002648	2
format-code-task-002649	3
format-code-task-002650	12
format-code-task-002651	3
format-code-task-002652	4
format-code-task-002653	3
format-code-task-002654	7
format-code-task-002655	6
format-code-task-002656	3
format-code-task-002657	9
format-code-task-002658	3
format-code-task-002659	4
format-code-task-002660	5
format-code-task-002661	3
format-code-task-002662	2
format-code-task-002663	2
format-code-task-002664	3
format-code-task-002665	3
format-code-task-002666	3
format-code-task-002667	3
format-code-task-002668	4
format-code-task-002669	3
format-code-task-002670	4
format-code-task-002672	3
format-code-task-002673	3
format-code-task-002674	3
format-code-task-002675	3
format-code-task-002676	3
format-code-task-002677	4
format-code-task-002678	4
format-code-task-002679	3
format-code-task-002680	3
format-code-task-002681	6
format-code-task-002682	5
format-code-task-002684	3
format-code-task-002686	3
format-code-task-002687	4
format-code-task-002688	3
format-code-task-002689	4
format-code-task-002690	5
format-code-task-002691	4
format-code-task-002692	6
format-code-task-002693	9
format-code-task-002694	3
format-code-task-002695	9
format-code-task-002696	3
format-code-task-002697	3
format-code-task-002698	3
format-code-task-002699	4
format-code-task-002701	3
format-code-task-002702	3
format-code-task-002703	3
format-code-task-002705	2
format-code-task-002706	5
format-code-task-002709	3
format-code-task-002710	2
format-code-task-002711	7
format-code-task-002713	3
format-code-task-002714	3
format-code-task-002715	3
format-code-task-002716	3
format-code-task-002717	3
format-code-task-002718	3
format-code-task-002719	3
format-code-task-002720	5
format-code-task-002721	3
format-code-task-002722	3
format-code-task-002723	3
format-code-task-002724	5
format-code-task-002725	3
format-code-task-002726	4
format-code-task-002727	8
format-code-task-002728	4
format-code-task-002730	4
format-code-task-002731	3
format-code-task-002732	9
format-code-task-002733	5
format-code-task-002734	3
format-code-task-002735	2
format-code-task-002736	3
format-code-task-002737	3
format-code-task-002739	3
format-code-task-002740	6
format-code-task-002741	5
format-code-task-002742	2
format-code-task-002744	4
format-code-task-002745	3
format-code-task-002746	3
format-code-task-002747	3
format-code-task-002748	3
format-code-task-002749	3
format-code-task-002750	3
format-code-task-002751	8
format-code-task-002752	6
format-code-task-002753	7
format-code-task-002754	4
format-code-task-002755	3
format-code-task-002756	3
format-code-task-002757	3
format-code-task-002758	3
format-code-task-002763	9
format-code-task-002764	8
format-code-task-002765	3
format-code-task-002766	5
format-code-task-002767	11
format-code-task-002768	11
format-code-task-002769	9
format-code-task-002770	3
format-code-task-002771	3
format-code-task-002772	3
format-code-task-002773	3
format-code-task-002774	2
format-code-task-002775	2
format-code-task-002776	3
format-code-task-002778	2
format-code-task-002779	3
format-code-task-002780	3
format-code-task-002781	4
format-code-task-002782	4
format-code-task-002783	3
format-code-task-002785	4
format-code-task-002786	3
format-code-task-002787	3
format-code-task-002788	3
format-code-task-002789	8
format-code-task-002790	2
format-code-task-002791	2
format-code-task-002792	2
format-code-task-002793	9
format-code-task-002794	3
format-code-task-002795	4
format-code-task-002796	4
format-code-task-002797	13
format-code-task-002798	3
format-code-task-002799	3
format-code-task-002800	3
format-code-task-002801	3
format-code-task-002803	3
format-code-task-002804	3
format-code-task-002805	9
format-code-task-002806	7
format-code-task-002808	5
format-code-task-002809	4
format-code-task-002811	4
format-code-task-002812	3
format-code-task-002813	9
format-code-task-002814	3
format-code-task-002815	5
format-code-task-002816	5
format-code-task-002817	3
format-code-task-002818	4
format-code-task-002819	4
format-code-task-002820	5
format-code-task-002821	6
format-code-task-002822	7
format-code-task-002823	3
format-code-task-002825	8
format-code-task-002826	4
format-code-task-002827	3
format-code-task-002828	3
format-code-task-002829	3
format-code-task-002831	4
format-code-task-002832	3
format-code-task-002833	3
format-code-task-002834	3
format-code-task-002835	7
format-code-task-002836	3
format-code-task-002838	3
format-code-task-002839	9
format-code-task-002841	3
format-code-task-002842	9
format-code-task-002843	4
format-code-task-002844	11
format-code-task-002845	3
format-code-task-002846	3
format-code-task-002847	3
format-code-task-002848	2
format-code-task-002849	2
format-code-task-002850	3
format-code-task-002851	2
format-code-task-002852	3
format-code-task-002853	2
format-code-task-002854	3
format-code-task-002855	3
format-code-task-002856	3
format-code-task-002857	3
format-code-task-002858	3
format-code-task-002859	3
format-code-task-002860	3
format-code-task-002861	3
format-code-task-002862	5
format-code-task-002863	3
format-code-task-002864	3
format-code-task-002865	2
format-code-task-002866	2
format-code-task-002867	3
format-code-task-002868	3
format-code-task-002869	4
format-code-task-002870	3
format-code-task-002871	2
format-code-task-002872	3
format-code-task-002873	3
format-code-task-002874	3
format-code-task-002875	3
format-code-task-002876	3
format-code-task-002877	14
format-code-task-002878	3
format-code-task-002879	5
format-code-task-002880	5
format-code-task-002881	4
format-code-task-002882	2
format-code-task-002883	7
format-code-task-002884	3
format-code-task-002885	13
format-code-task-002887	3
format-code-task-002888	3
format-code-task-002889	3
format-code-task-002890	3
format-code-task-002891	3
format-code-task-002892	3
format-code-task-002893	2
format-code-task-002895	3
format-code-task-002896	8
format-code-task-002897	7
format-code-task-002898	5
format-code-task-002899	3
format-code-task-002900	4
format-code-task-002903	3
format-code-task-002904	3
format-code-task-002905	5
format-code-task-002906	3
format-code-task-002908	3
format-code-task-002909	3
format-code-task-002910	4
format-code-task-002911	4
format-code-task-002912	3
format-code-task-002913	3
format-code-task-002915	3
format-code-task-002916	3
format-code-task-002917	3
format-code-task-002918	4
format-code-task-002919	3
format-code-task-002920	3
format-code-task-002921	3
format-code-task-002922	3
format-code-task-002923	9
format-code-task-002924	2
format-code-task-002925	6
format-code-task-002926	3
format-code-task-002927	4
format-code-task-002928	3
format-code-task-002930	4
format-code-task-002932	3
format-code-task-002933	2
format-code-task-002935	3
format-code-task-002937	3
format-code-task-002938	2
format-code-task-002939	2
format-code-task-002940	3
format-code-task-002941	3
format-code-task-002942	3
format-code-task-002943	9
format-code-task-002944	3
format-code-task-002945	8
format-code-task-002947	3
format-code-task-002948	3
format-code-task-002949	6
format-code-task-002950	7
format-code-task-002951	5
format-code-task-002952	4
format-code-task-002953	4
format-code-task-002954	3
format-code-task-002955	5
format-code-task-002956	4
format-code-task-002957	7
format-code-task-002959	5
format-code-task-002960	3
format-code-task-002961	4
format-code-task-002962	3
format-code-task-002963	2
format-code-task-002964	2
format-code-task-002965	2
format-code-task-002966	3
format-code-task-002968	3
format-code-task-002969	3
format-code-task-002970	15
format-code-task-002971	9
format-code-task-002972	3
format-code-task-002973	3
format-code-task-002974	3
format-code-task-002975	7
format-code-task-002976	3
format-code-task-002978	3
format-code-task-002979	14
format-code-task-002980	4
format-code-task-002981	4
format-code-task-002982	3
format-code-task-002983	3
format-code-task-002984	4
format-code-task-002986	3
format-code-task-002987	9
format-code-task-002989	2
format-code-task-002990	3
format-code-task-002991	8
format-code-task-002992	3
format-code-task-002993	3
format-code-task-002994	4
format-code-task-002995	2
format-code-task-002996	5
format-code-task-002997	9
format-code-task-002998	3
format-code-task-002999	3
format-code-task-003001	3
format-code-task-003002	6
format-code-task-003003	5
format-code-task-003004	3
format-code-task-003007	3
format-code-task-003009	2
format-code-task-003010	3
format-code-task-003011	2
format-code-task-003012	3
format-code-task-003013	2
format-code-task-003014	3
format-code-task-003015	3
format-code-task-003016	3
format-code-task-003017	3
format-code-task-003018	3
format-code-task-003019	3
format-code-task-003020	3
format-code-task-003021	3
format-code-task-003022	2
format-code-task-003023	2
format-code-task-003024	3
format-code-task-003025	3
format-code-task-003027	3
format-code-task-003028	3
format-code-task-003029	3
format-code-task-003030	3
format-code-task-003031	3
format-code-task-003032	3
format-code-task-003033	3
format-code-task-003034	5
format-code-task-003035	3
format-code-task-003036	2
format-code-task-003037	3
format-code-task-003038	3
format-code-task-003039	4
format-code-task-003041	2
format-code-task-003042	2
format-code-task-003043	4
format-code-task-003044	3
format-code-task-003046	2
format-code-task-003048	2
format-code-task-003049	3
format-code-task-003051	4
format-code-task-003052	4
format-code-task-003053	3
format-code-task-003054	7
format-code-task-003055	5
format-code-task-003056	3
format-code-task-003057	3
format-code-task-003059	2
format-code-task-003061	3
