task,attempts,valid,profiled,verifier_timeouts,oom_attempts,max_mem_peak_gib,max_nonfile_peak_gib,max_peak_cores,max_avg_cores,max_throttled_frac,max_sys_frac,max_cpu_stall_s,max_disk_peak_gib,max_pids_peak,max_verifier_s,max_agent_s,max_tool_mean_s,max_env_setup_s
format-code-task-000014,4,4,4,0,0,2.489,1.31,2.46,0.59,0.3,0.28,29,1.4,444,4.1,1022.0,17.48,4.0
format-code-task-000036,4,4,4,0,0,9.572,8.667,4.0,1.85,0.91,0.21,1506,0.68,588,11.5,2176.3,29.68,5.5
format-code-task-000037,4,4,4,0,0,9.503,8.666,2.69,1.5,0.75,0.28,262,0.68,654,11.3,470.2,10.51,5.4
format-code-task-000092,4,4,4,0,0,5.491,4.733,2.07,0.37,0.04,0.48,9,0.62,380,6.7,671.4,1.58,4.2
format-code-task-000094,4,4,4,0,0,2.724,2.168,2.11,0.94,0.16,0.21,5,0.74,526,25.8,430.6,4.29,5.2
format-code-task-000098,4,4,4,0,0,9.307,9.136,3.49,0.65,0.31,0.41,51,0.89,591,11.0,897.1,6.18,6.5
format-code-task-000217,4,4,4,0,0,13.677,12.98,2.62,1.15,0.53,0.26,227,0.66,580,28.0,752.8,7.18,144.4
format-code-task-000232,4,4,4,0,0,1.505,0.992,1.12,0.43,0.0,0.49,,0.63,91,39.4,680.1,4.28,5.7
format-code-task-000236,4,4,4,0,4,16.0,16.0,5.18,1.74,0.84,0.16,1309,0.67,1090,7.0,2080.2,24.67,6.4
format-code-task-000283,4,4,4,0,0,4.499,3.034,2.22,0.65,0.11,0.4,7,0.66,557,12.3,209.9,4.61,10.4
format-code-task-000338,4,4,4,0,0,1.655,0.964,1.98,0.84,0.03,0.14,14,0.63,586,26.2,669.9,14.78,4.3
format-code-task-000348,4,4,4,0,0,16.0,13.866,5.51,1.67,0.77,0.13,618,6.11,1549,586.0,1001.0,17.26,4.7
format-code-task-000385,4,4,4,0,2,16.0,15.999,4.59,0.47,0.23,0.43,22,0.89,558,53.2,692.7,1.03,6.7
format-code-task-000396,4,4,4,0,0,9.014,8.299,2.35,1.41,0.6,0.13,103,0.7,333,21.1,571.4,7.12,76.7
format-code-task-000435,4,4,4,0,1,16.0,15.999,8.92,1.82,0.93,0.27,548,0.69,1132,30.1,1561.5,17.62,10.1
format-code-task-000493,4,4,4,0,0,1.04,0.413,1.8,0.15,0.0,0.45,1,0.64,103,7.7,400.4,0.23,112.6
format-code-task-000499,4,4,4,0,0,2.413,1.265,2.44,0.58,0.31,0.3,32,1.23,394,61.4,487.1,1.97,6.6
format-code-task-000568,4,4,4,0,0,1.116,0.408,1.97,0.35,0.0,0.38,2,0.62,101,7.3,385.9,1.22,5.5
format-code-task-000576,4,4,4,0,0,7.522,6.862,2.91,0.87,0.47,0.28,156,0.63,660,19.9,506.4,1.24,5.1
format-code-task-000604,4,4,4,0,0,15.95,15.147,3.57,1.43,0.7,0.27,269,0.65,963,37.0,629.0,6.53,32.2
format-code-task-000629,4,4,4,0,0,10.962,10.26,2.39,0.66,0.26,0.42,95,1.07,249,72.9,913.0,2.26,55.1
format-code-task-000632,4,4,4,0,4,16.0,16.0,3.04,1.97,0.98,0.91,4649,1.2,879,1527.5,3604.3,85.84,60.4
format-code-task-000644,4,4,4,0,0,1.055,0.355,2.05,0.18,0.01,0.42,0,0.62,102,4.4,715.1,0.26,4.5
format-code-task-000682,4,4,4,0,1,16.0,15.924,1.25,0.91,0.0,0.46,,0.62,91,48.8,744.1,5.15,6.0
format-code-task-000755,4,4,4,0,0,12.458,11.592,3.17,1.38,0.68,0.41,377,0.67,921,844.7,443.1,1.74,4.3
format-code-task-000772,4,4,4,0,0,13.721,13.153,4.51,1.67,0.85,0.16,460,0.62,783,67.4,735.8,6.66,4.5
format-code-task-000776,4,4,4,0,0,15.589,14.654,2.68,1.52,0.73,0.24,323,0.66,838,6.6,671.3,8.82,3.6
format-code-task-000835,4,4,4,0,1,16.0,15.975,2.58,1.51,0.77,0.39,96,0.62,891,25.4,312.7,4.19,5.0
format-code-task-000855,4,4,4,0,0,11.906,11.247,2.88,1.97,0.98,0.21,1195,0.63,725,59.2,1503.0,32.47,4.5
format-code-task-000859,4,4,4,0,2,16.0,15.998,2.85,1.57,0.79,0.44,467,7.42,2469,42.7,1006.8,21.17,6.4
format-code-task-000875,4,4,4,0,0,8.868,8.093,2.96,0.69,0.36,0.34,63,0.67,588,6.1,324.8,1.8,12.6
format-code-task-000876,4,4,4,0,0,15.327,14.367,5.8,1.56,0.69,0.18,591,2.18,1091,10.1,1144.8,23.06,4.8
format-code-task-000901,4,4,4,0,0,13.327,12.22,2.63,0.56,0.2,0.35,20,1.09,420,78.1,548.7,1.86,4.0
format-code-task-000921,4,4,4,0,0,16.0,15.564,2.75,1.48,0.67,0.26,204,0.67,531,11.7,510.0,6.76,12.0
format-code-task-000973,4,4,4,0,0,1.11,0.388,1.93,0.08,0.0,0.56,0,0.63,98,3.1,674.0,0.14,3.1
format-code-task-001001,4,4,4,0,0,13.256,12.393,4.81,1.47,0.72,0.23,405,0.82,612,8.0,875.2,8.5,5.5
format-code-task-001109,7,4,7,0,4,16.0,15.999,1.98,0.79,0.01,0.41,3,1.71,111,837.3,1113.4,11.44,16.6
format-code-task-001117,4,4,4,0,0,1.21,0.412,2.12,0.59,0.23,0.42,3,0.62,106,6.5,451.1,1.96,8.0
format-code-task-001120,5,4,4,0,1,16.0,15.975,3.51,0.88,0.37,0.36,85,0.64,760,8.8,447.9,1.96,5.0
format-code-task-001244,4,4,4,0,0,14.353,13.572,3.74,1.32,0.52,0.13,206,0.8,687,197.2,981.0,11.2,3.6
format-code-task-001297,4,4,4,0,0,2.839,1.599,3.42,0.81,0.34,0.31,45,1.15,427,91.4,502.3,4.18,229.8
format-code-task-001315,4,4,4,0,2,16.0,15.999,2.85,1.13,0.15,0.34,47,0.9,221,604.7,1269.0,16.5,5.6
format-code-task-001339,4,4,4,0,2,16.0,16.0,3.62,1.79,0.87,0.11,1533,1.1,291,1237.7,3604.2,60.64,6.5
format-code-task-001410,4,4,4,0,0,12.715,12.65,4.6,1.59,0.62,0.17,604,0.72,786,12.2,1316.5,12.54,4.7
format-code-task-001411,4,4,4,0,0,14.76,13.589,5.2,1.4,0.46,0.15,584,0.73,773,24.9,3103.3,25.12,3.9
format-code-task-001420,4,4,4,0,0,12.572,11.598,3.42,0.49,0.25,0.3,159,0.62,531,14.6,898.1,22.14,6.0
format-code-task-001429,4,4,4,0,0,12.787,11.97,6.69,1.67,0.79,0.16,969,0.94,834,205.1,1459.3,24.0,32.8
format-code-task-001451,4,4,4,0,0,14.306,11.203,4.33,1.5,0.75,0.21,441,4.88,1546,11.1,1038.9,11.02,86.3
format-code-task-001453,4,4,4,0,0,8.418,6.153,2.77,1.46,0.71,0.23,120,2.34,1049,8.7,394.1,7.36,14.4
format-code-task-001515,4,4,4,0,2,16.0,16.005,5.22,1.88,0.93,0.36,1059,8.68,1085,11.8,2899.8,26.72,4.0
format-code-task-001516,4,4,4,0,2,16.0,15.998,4.15,1.9,0.94,0.36,304,10.68,928,11.7,1213.7,10.02,9.5
format-code-task-001527,4,3,3,0,0,6.53,5.893,3.02,1.89,0.94,0.02,1903,0.73,177,1800.0,3604.2,58.48,4.9
format-code-task-001549,4,4,4,0,0,9.666,8.983,2.83,0.9,0.41,0.29,136,0.64,597,14.5,492.5,3.66,4.6
format-code-task-001567,4,4,4,0,0,4.376,3.288,2.1,0.59,0.03,0.21,4,0.99,381,7.8,509.8,7.41,9.2
format-code-task-001608,4,4,4,0,0,1.254,0.625,1.79,0.77,0.1,0.16,18,0.71,195,10.2,1000.1,7.84,4.6
format-code-task-001632,4,4,4,0,0,5.698,4.728,2.72,0.72,0.29,0.34,84,0.63,1037,29.0,521.8,1.03,6.5
format-code-task-001636,4,4,4,0,0,14.952,14.283,3.09,1.36,0.62,0.21,286,1.13,2635,64.6,1016.1,9.02,4.2
format-code-task-001698,4,4,4,0,1,16.0,15.987,3.73,1.33,0.66,0.33,280,0.73,534,12.8,1380.5,23.33,60.3
format-code-task-001750,4,4,4,0,2,16.0,15.99,1.79,1.03,0.03,0.41,16,5.3,216,8.9,939.3,10.66,15.3
format-code-task-001816,4,4,4,0,0,1.339,0.614,2.23,0.22,0.07,0.44,7,0.74,261,13.3,580.6,0.53,4.8
format-code-task-001856,4,4,4,0,0,14.164,13.419,3.15,1.11,0.54,0.21,236,0.82,603,30.3,789.5,3.34,2.9
format-code-task-001920,4,4,4,0,0,9.009,8.357,4.7,1.42,0.73,0.18,331,0.65,607,25.3,926.1,5.74,5.3
format-code-task-001997,4,4,4,0,0,11.307,7.539,3.36,1.36,0.69,0.34,459,3.77,1863,48.9,1148.9,7.51,4.7
format-code-task-002000,4,4,4,0,0,6.025,3.472,3.08,1.41,0.71,0.21,302,2.84,896,157.5,1010.5,3.48,6.1
format-code-task-002018,4,4,4,0,1,16.0,15.996,4.77,1.74,0.86,0.2,979,0.75,932,64.6,1387.9,19.08,6.6
format-code-task-002019,4,4,4,0,0,16.0,15.857,3.93,1.7,0.85,0.18,812,0.74,909,13.0,1237.4,14.5,3.4
format-code-task-002043,4,4,4,0,0,11.777,11.377,4.7,1.41,0.71,0.18,251,0.72,757,12.6,703.3,5.45,118.6
format-code-task-002076,4,4,4,0,0,9.283,8.376,2.77,1.59,0.75,0.09,419,0.76,276,325.0,503.7,6.56,8.9
format-code-task-002077,4,4,4,0,0,9.484,8.57,3.18,1.54,0.69,0.08,467,0.75,290,228.9,899.1,10.71,4.0
format-code-task-002078,4,4,4,0,0,11.084,10.164,2.71,1.28,0.61,0.11,454,1.23,277,332.7,745.9,3.74,7.1
format-code-task-002088,4,4,4,0,0,8.76,7.302,2.58,1.3,0.64,0.15,187,1.48,304,11.9,900.3,5.93,5.6
format-code-task-002207,4,4,4,0,0,2.531,1.271,1.91,0.94,0.01,0.09,9,1.06,207,18.0,1715.9,13.56,4.8
format-code-task-002223,4,4,4,0,3,16.0,15.982,1.95,0.86,0.01,0.49,10,1.22,127,7.7,1350.8,17.54,5.3
format-code-task-002230,4,4,4,0,0,11.061,10.675,1.93,0.89,0.01,0.11,6,1.28,128,7.7,857.1,12.49,6.9
format-code-task-002240,4,4,4,0,0,3.667,2.848,2.54,0.78,0.36,0.29,106,0.68,379,21.9,630.0,1.98,6.3
format-code-task-002245,4,4,4,0,0,4.452,3.788,2.08,0.77,0.07,0.22,,0.9,186,16.3,531.2,2.69,5.7
format-code-task-002280,4,4,4,0,1,16.0,15.976,2.66,1.59,0.8,0.15,523,0.64,326,46.8,1323.3,15.29,3.8
format-code-task-002318,4,4,4,0,2,16.0,15.998,4.95,1.1,0.58,0.27,451,0.64,596,9.8,1296.1,4.73,4.1
format-code-task-002319,4,4,4,0,2,16.0,15.998,3.01,0.78,0.43,0.35,235,0.63,827,5.7,955.3,11.55,3.6
format-code-task-002320,4,4,4,0,0,9.119,8.523,3.15,0.82,0.42,0.38,221,0.68,582,10.6,763.1,2.05,6.7
format-code-task-002322,4,4,4,0,0,9.125,8.329,3.34,0.84,0.47,0.28,103,0.66,582,3.3,391.5,2.11,6.6
format-code-task-002323,4,4,4,0,0,12.518,11.724,2.75,0.63,0.33,0.33,97,0.66,609,7.7,457.6,1.32,8.0
format-code-task-002324,4,4,4,0,0,11.169,10.5,2.66,1.13,0.61,0.32,231,0.66,465,5.7,555.5,5.06,37.4
format-code-task-002325,4,4,4,0,0,12.577,11.863,3.08,1.11,0.58,0.21,173,0.66,605,6.4,576.4,3.23,4.1
format-code-task-002326,4,4,4,0,0,12.414,11.665,3.64,0.54,0.28,0.35,99,0.66,592,9.1,996.6,3.21,9.3
format-code-task-002327,4,4,4,0,0,12.768,12.05,3.3,1.35,0.67,0.27,117,0.66,614,6.6,246.3,3.16,44.1
format-code-task-002328,4,4,4,0,0,9.412,8.604,2.89,1.02,0.55,0.26,176,0.62,598,15.4,432.3,2.3,5.9
format-code-task-002329,4,4,4,0,0,9.289,8.741,2.84,1.04,0.48,0.4,175,0.65,591,28.6,594.2,4.44,3.5
format-code-task-002330,4,4,4,0,0,3.704,2.982,2.34,0.19,0.07,0.39,36,0.64,461,6.8,1139.5,0.41,5.9
format-code-task-002331,4,4,4,0,3,16.0,16.0,33.39,1.57,0.81,0.64,1191,0.63,598,11.3,1802.2,8.04,5.2
format-code-task-002343,4,4,4,0,0,9.528,8.822,2.46,0.72,0.36,0.19,113,0.72,489,5.9,927.1,8.61,4.9
format-code-task-002361,4,4,4,0,0,15.879,13.983,3.84,1.01,0.54,0.37,112,1.68,1011,9.9,616.2,5.65,5.2
format-code-task-002379,4,4,4,0,0,1.199,0.404,1.95,0.13,0.0,0.45,0,0.64,107,12.6,451.4,0.13,5.0
format-code-task-002443,4,4,4,0,0,1.102,0.321,1.96,0.22,0.01,0.42,0,0.71,100,7.5,310.7,0.05,5.9
format-code-task-002464,4,4,4,0,1,16.0,15.999,3.14,0.6,0.26,0.36,208,1.33,725,13.8,2060.1,10.9,9.3
format-code-task-002502,4,4,4,0,0,16.0,11.368,6.1,1.48,0.73,0.39,175,5.63,1698,11.3,475.6,9.68,4.7
format-code-task-002558,4,4,4,0,0,10.181,8.98,2.77,1.79,0.87,0.17,994,1.88,343,68.1,2022.6,34.91,6.6
format-code-task-002650,4,4,4,0,0,10.37,9.672,2.51,0.51,0.23,0.17,82,0.69,597,12.0,1489.0,14.37,5.1
format-code-task-002680,4,4,4,0,0,1.221,0.616,2.0,0.11,0.0,0.39,1,0.61,99,7.9,527.4,0.35,4.8
format-code-task-002760,4,4,4,0,1,16.0,15.996,4.96,1.39,0.75,0.14,1339,0.76,1490,136.8,2118.9,38.55,36.7
format-code-task-002766,4,4,4,0,0,3.382,2.56,2.12,0.66,0.13,0.32,5,0.65,523,19.5,144.4,1.42,35.4
format-code-task-002767,4,4,4,0,0,9.925,9.583,3.1,1.17,0.59,0.35,220,0.68,658,12.7,493.2,4.04,5.5
format-code-task-002768,4,4,4,0,0,9.396,8.48,2.92,0.64,0.32,0.35,89,0.68,530,10.2,566.6,1.54,5.3
format-code-task-002777,4,4,4,0,2,16.0,15.994,3.49,1.47,0.71,0.17,283,0.86,677,67.8,949.7,11.55,3.2
format-code-task-002797,4,4,4,0,0,11.351,10.654,2.78,1.18,0.47,0.19,160,0.68,3990,7.9,661.4,6.67,20.7
format-code-task-002844,4,4,4,0,0,9.388,8.478,2.38,0.72,0.12,0.23,11,0.78,345,4.1,263.6,5.41,3.6
format-code-task-002877,4,4,4,0,0,12.189,11.495,2.25,1.12,0.29,0.24,89,0.83,130,268.9,661.8,2.7,40.1
format-code-task-002884,4,4,4,0,0,1.034,0.334,1.77,0.16,0.0,0.4,1,0.61,102,8.4,183.9,0.08,6.5
format-code-task-002885,4,4,4,0,0,11.987,11.872,3.04,1.35,0.64,0.19,195,0.67,627,16.6,712.0,7.51,19.3
format-code-task-002967,4,4,4,0,1,16.0,15.971,3.07,1.25,0.65,0.3,245,0.64,964,5.7,591.1,5.32,3.4
format-code-task-002970,4,4,4,0,0,13.806,13.116,2.73,1.44,0.76,0.17,223,0.69,472,8.5,351.7,7.42,4.2
format-code-task-002979,4,4,4,0,0,12.647,11.943,2.58,1.35,0.69,0.19,203,0.66,607,5.8,1065.2,26.61,3.4
format-code-task-002987,4,4,4,0,0,7.274,6.543,2.9,0.67,0.28,0.38,72,0.68,681,29.5,492.1,2.35,15.1
format-code-task-002988,5,4,5,0,1,16.0,16.0,17.83,1.7,0.87,0.43,322,0.76,6335,653.5,1065.5,9.51,3.5
format-code-task-003005,4,4,4,0,4,16.0,15.999,1.64,0.51,0.0,0.3,2,0.75,101,7.4,491.2,1.87,25.8
format-code-task-003050,4,4,4,0,2,16.0,16.0,3.27,1.79,0.83,0.33,645,1.81,776,63.9,2135.1,26.72,4.5
format-code-task-003060,4,4,4,0,4,16.0,15.999,3.42,1.63,0.82,0.13,436,0.72,730,12.9,717.5,12.05,4.9
