task,trial,status,exception,verifier_timeout,reward,env_setup_s,agent_setup_s,agent_s,verifier_s,profiled,mem_peak_gib,nonfile_peak_gib,oom_kill,pids_peak,peak_cores,avg_cores,cpu_s,sys_frac,throttled_frac,cpu_stall_s,disk_peak_gib,llm_s,tool_s,n_tool,tool_mean_s
format-code-task-001453,format-code-task-001453__Mg3hKrj,valid,,0,0.0,3.8,12.8,345.4,5.4,1,6.097,4.344,0,770,2.67,1.17,429,0.19,0.59,105,2.01,124,208,51,4.08
format-code-task-002326,format-code-task-002326__0m7P2w4,valid,,0,0.0,9.3,273.3,349.5,8.1,1,12.414,11.665,0,591,3.64,0.54,343,0.2,0.28,99,0.66,163,157,49,3.21
format-code-task-002323,format-code-task-002323__ZoW1Iv6,valid,,0,1.0,8.0,10.7,457.6,5.4,1,12.518,11.724,0,609,2.75,0.61,291,0.23,0.33,97,0.66,307,136,103,1.32
format-code-task-000875,format-code-task-000875__4cMSaE7,valid,,0,0.0,12.3,11.5,271.9,6.1,1,8.824,8.087,0,588,2.69,0.66,192,0.21,0.33,62,0.67,171,88,63,1.39
format-code-task-002019,format-code-task-002019__G4ipjsf,valid,,0,0.0,3.4,15.1,1237.4,11.9,1,16.0,15.857,0,909,3.87,1.7,2156,0.17,0.85,812,0.74,151,1073,74,14.5
format-code-task-001636,format-code-task-001636__c3N74Ea,valid,,0,1.0,3.0,9.7,1016.1,46.6,1,14.952,14.283,0,1679,2.96,1.28,1374,0.19,0.54,286,1.13,155,848,94,9.02
format-code-task-002323,format-code-task-002323__pM2w58C,valid,,0,0.0,3.2,10.8,311.8,7.0,1,2.756,2.056,0,591,2.52,0.51,168,0.32,0.25,32,0.66,222,76,77,0.99
format-code-task-001451,format-code-task-001451__4A4EBly,valid,,0,1.0,2.9,10.7,743.6,8.6,1,14.306,11.203,0,1546,4.33,1.5,1153,0.19,0.75,325,4.88,139,592,66,8.97
format-code-task-002329,format-code-task-002329__hhxBIqr,valid,,0,0.0,3.5,14.9,594.2,8.7,1,8.846,8.576,0,578,2.84,0.85,530,0.23,0.45,175,0.65,336,243,140,1.74
format-code-task-001920,format-code-task-001920__Vqhbbzy,valid,,0,1.0,5.3,16.6,499.2,24.8,1,7.496,6.723,0,597,3.02,0.8,439,0.17,0.38,68,0.64,279,205,118,1.74
format-code-task-002379,format-code-task-002379__gYi4R3b,valid,,0,0.0,4.8,12.7,360.8,12.6,1,0.999,0.362,0,104,1.95,0.12,47,0.41,0.0,0,0.64,338,10,83,0.12
format-code-task-003050,format-code-task-003050__kET4tHJ,valid,,0,1.0,4.1,10.5,1139.9,52.2,1,2.267,1.117,0,720,2.51,1.71,2064,0.21,0.81,345,1.49,108,1019,59,17.28
format-code-task-000576,format-code-task-000576__sAv8tjt,valid,,0,0.0,5.1,16.3,498.1,19.6,1,7.522,6.862,0,595,2.81,0.73,394,0.27,0.39,130,0.63,307,177,198,0.89
format-code-task-002326,format-code-task-002326__9cuouft,valid,,0,0.0,6.1,285.8,996.6,7.5,1,3.261,2.589,0,592,3.2,0.33,424,0.27,0.15,83,0.66,761,199,196,1.02
format-code-task-002558,format-code-task-002558__OnucDLS,valid,,0,1.0,4.4,16.4,849.3,26.3,1,7.463,6.476,0,221,2.48,1.45,1309,0.12,0.68,295,0.9,141,693,66,10.51
format-code-task-000338,format-code-task-000338__p8Hll7M,valid,,0,1.0,3.8,17.4,607.0,22.7,1,1.332,0.679,0,260,1.98,0.64,416,0.14,0.02,11,0.63,233,359,41,8.76
format-code-task-002885,format-code-task-002885__Ucs5aZV,valid,,0,1.0,6.6,37.5,470.2,14.4,1,10.14,10.077,0,622,2.65,1.02,538,0.19,0.5,92,0.65,179,276,60,4.6
format-code-task-001636,format-code-task-001636__7tkD2q0,valid,,0,1.0,3.8,16.7,629.1,63.5,1,9.359,8.718,0,2635,3.03,1.36,972,0.21,0.62,242,1.09,164,448,76,5.9
format-code-task-000921,format-code-task-000921__YIgwwe9,valid,,0,0.0,12.0,19.1,401.2,11.3,1,15.934,15.43,0,456,2.45,1.41,617,0.16,0.63,133,0.67,71,318,55,5.77
format-code-task-002502,format-code-task-002502__W13ZcTP,valid,,0,1.0,3.5,12.6,455.2,7.6,1,13.465,9.099,0,1418,3.83,1.45,695,0.33,0.7,165,4.73,94,345,48,7.18
format-code-task-001527,format-code-task-001527__2HxtRQj,valid,,0,1.0,4.8,15.8,2305.8,462.7,1,3.413,2.794,0,175,3.02,1.75,4888,0.02,0.88,1412,0.73,264,2027,66,30.71
format-code-task-002043,format-code-task-002043__9NdDLcB,valid,,0,1.0,89.6,10.7,694.3,12.6,1,10.992,10.246,0,581,4.7,1.04,757,0.18,0.53,152,0.72,307,372,97,3.83
format-code-task-002078,format-code-task-002078__sfStWLB,valid,,0,1.0,7.1,11.8,276.9,332.7,1,9.094,8.216,0,276,2.63,1.02,641,0.09,0.51,202,0.73,214,48,93,0.52
format-code-task-002885,format-code-task-002885__uW2eMwH,valid,,0,0.0,4.5,16.8,712.0,15.4,1,11.961,11.872,0,627,2.7,1.35,1013,0.17,0.64,195,0.67,178,518,69,7.51
format-code-task-002329,format-code-task-002329__z8LQgNO,valid,,0,0.0,3.4,13.8,377.4,28.6,1,9.289,8.59,0,585,2.73,0.73,311,0.23,0.39,111,0.65,222,142,111,1.27
format-code-task-001339,format-code-task-001339__m95bdUk,valid,,0,0.0,3.2,13.7,1607.6,1237.7,1,16.0,16.0,7,262,3.62,1.62,4649,0.09,0.68,813,1.05,109,1485,76,19.54
format-code-task-002361,format-code-task-002361__Owc236s,valid,,0,1.0,3.5,13.8,466.5,6.8,1,13.255,12.063,0,1006,3.79,0.73,357,0.37,0.38,75,1.62,252,200,95,2.11
format-code-task-002797,format-code-task-002797__xpDO264,valid,,0,0.0,19.2,17.2,515.3,7.7,1,10.72,10.063,0,752,2.56,1.17,635,0.18,0.47,148,0.67,158,340,51,6.67
format-code-task-002318,format-code-task-002318__t7CQtfA,valid,,0,1.0,3.4,14.9,459.3,9.8,1,16.0,15.349,0,595,3.18,0.67,327,0.27,0.36,102,0.63,291,152,83,1.84
format-code-task-002319,format-code-task-002319__5RXXdjR,valid,,0,0.0,3.4,11.9,171.8,5.5,1,4.58,3.773,0,742,2.31,0.49,94,0.35,0.2,17,0.63,122,36,53,0.68
format-code-task-002328,format-code-task-002328__1fRpQuP,valid,,0,1.0,5.9,12.8,303.9,13.4,1,9.412,8.579,0,592,2.26,0.48,161,0.26,0.24,46,0.62,229,61,88,0.69
format-code-task-000232,format-code-task-000232__7S1sxwo,valid,,0,1.0,5.3,23.9,680.1,38.2,1,1.336,0.854,0,91,1.11,0.21,155,0.45,0.0,,0.63,563,93,46,2.01
format-code-task-002076,format-code-task-002076__MrS661p,valid,,0,1.0,5.2,14.3,503.7,169.3,1,9.283,8.246,0,274,2.77,1.34,929,0.08,0.62,270,0.74,145,339,66,5.14
format-code-task-002245,format-code-task-002245__7TyOchV,valid,,0,0.0,4.9,21.1,219.0,13.0,1,3.105,2.605,0,86,1.97,0.62,160,0.22,0.05,,0.69,101,99,61,1.62
format-code-task-001001,format-code-task-001001__kNf3KSf,valid,,0,0.0,3.1,12.5,490.3,4.0,1,7.639,6.893,0,543,2.79,0.84,427,0.23,0.42,91,0.72,286,192,78,2.46
format-code-task-000435,format-code-task-000435__OuUPcIE,valid,,0,0.0,4.2,9.4,401.7,9.6,1,3.9,3.143,0,866,2.5,0.86,364,0.21,0.42,33,0.68,214,174,58,3.0
format-code-task-000094,format-code-task-000094__M1xRheu,valid,,0,1.0,5.2,20.7,430.6,16.4,1,2.287,1.724,0,84,2.07,0.94,448,0.11,0.1,,0.74,99,314,73,4.29
format-code-task-001117,format-code-task-001117__mNnlZ7K,valid,,0,0.0,4.1,12.7,242.9,4.4,1,1.105,0.412,0,106,2.11,0.46,122,0.18,0.2,3,0.62,178,50,40,1.26
format-code-task-003005,format-code-task-003005__l7QLHEi,valid,,0,0.0,24.7,27.1,245.7,7.4,1,16.0,15.999,1,84,1.17,0.37,105,0.28,0.0,1,0.75,155,73,93,0.78
format-code-task-003005,format-code-task-003005__4Pxt63m,valid,,0,1.0,25.8,26.8,340.9,7.3,1,16.0,15.935,1,89,1.21,0.33,125,0.28,0.0,1,0.75,234,89,85,1.05
format-code-task-002877,format-code-task-002877__C4cUDz2,valid,,0,0.0,39.1,10.8,246.5,214.7,1,2.996,2.269,0,101,2.03,0.79,376,0.1,0.22,1,0.71,232,2,113,0.02
format-code-task-002844,format-code-task-002844__S01leVi,valid,,0,0.0,3.0,12.7,256.0,4.1,1,6.362,5.433,0,338,2.05,0.62,171,0.17,0.1,7,0.78,115,118,46,2.57
format-code-task-002318,format-code-task-002318__leGIBvO,valid,,0,0.0,4.1,11.6,1296.1,8.7,1,16.0,15.519,0,596,4.95,0.89,1176,0.26,0.46,405,0.64,689,587,190,3.09
format-code-task-002245,format-code-task-002245__ozxg71J,valid,,0,0.0,4.1,21.9,531.2,16.3,1,4.452,3.788,0,182,2.08,0.77,444,0.2,0.07,,0.9,196,318,118,2.69
format-code-task-000576,format-code-task-000576__Kw9sqy6,valid,,0,0.0,4.4,14.1,401.9,19.9,1,7.237,6.541,0,660,2.81,0.76,337,0.27,0.4,103,0.63,242,146,148,0.98
format-code-task-001451,format-code-task-001451__hooblrL,valid,,0,1.0,86.3,9.7,1038.9,9.2,1,12.554,9.146,0,1012,2.92,1.34,1420,0.21,0.67,441,4.87,310,716,65,11.02
format-code-task-001608,format-code-task-001608__p8hPGGC,valid,,0,0.0,4.5,10.5,414.1,10.2,1,1.254,0.574,0,157,1.59,0.61,268,0.09,0.05,10,0.63,168,231,64,3.61
format-code-task-002443,format-code-task-002443__tBIoNm1,valid,,0,0.0,4.1,12.9,89.4,3.2,1,1.057,0.321,0,100,1.96,0.22,24,0.37,0.01,0,0.7,74,1,68,0.02
format-code-task-002766,format-code-task-002766__VjPnowH,valid,,0,1.0,8.2,11.8,94.9,8.6,1,1.777,0.629,0,522,1.99,0.34,40,0.32,0.03,1,0.64,69,12,32,0.36
format-code-task-002464,format-code-task-002464__GkAEGaF,valid,,0,0.0,8.3,14.3,629.9,13.8,1,2.391,1.195,0,696,2.86,0.43,284,0.35,0.21,41,1.24,434,179,114,1.57
format-code-task-002328,format-code-task-002328__Z38LxwR,valid,,0,1.0,4.1,12.9,432.3,15.4,1,9.297,8.604,0,597,2.89,1.02,473,0.22,0.55,176,0.62,206,212,92,2.3
format-code-task-000283,format-code-task-000283__n3cJwFf,valid,,0,0.0,4.0,30.0,173.7,10.3,1,4.499,3.034,0,557,2.22,0.52,113,0.31,0.11,7,0.66,65,88,38,2.33
format-code-task-001515,format-code-task-001515__Mqsa4C6,valid,,0,0.0,4.0,12.6,397.7,8.3,1,2.222,1.55,0,817,2.55,0.68,285,0.27,0.3,38,0.67,178,206,51,4.03
format-code-task-000098,format-code-task-000098__aGKWZkY,valid,,0,0.0,5.4,15.1,298.0,11.0,1,1.782,0.84,0,524,2.25,0.15,51,0.4,0.02,2,0.63,268,15,93,0.16
format-code-task-002766,format-code-task-002766__hUdaAa8,valid,,0,1.0,35.4,33.1,104.7,19.5,1,3.382,2.56,0,523,1.99,0.66,108,0.21,0.13,5,0.65,31,54,38,1.42
format-code-task-001549,format-code-task-001549__6yRulHN,valid,,0,1.0,4.6,15.2,492.5,14.5,1,8.955,8.113,0,593,2.76,0.9,479,0.29,0.41,136,0.63,228,249,68,3.66
format-code-task-001120,format-code-task-001120__YEbsBxi,valid,,0,0.0,3.8,14.7,344.6,5.0,1,16.0,15.975,4,760,2.52,0.88,325,0.23,0.37,85,0.64,162,167,85,1.96
format-code-task-000037,format-code-task-000037__oVS0BI3,valid,,0,0.0,3.8,16.7,171.0,11.3,1,2.21,1.393,0,582,2.14,0.44,89,0.28,0.1,3,0.67,115,43,40,1.08
format-code-task-001410,format-code-task-001410__1LuQT3q,valid,,0,1.0,3.3,10.8,665.9,8.7,1,10.837,10.37,0,774,3.05,1.44,992,0.17,0.55,274,0.7,110,543,70,7.76
format-code-task-000921,format-code-task-000921__7dAu7gy,valid,,0,0.0,5.3,17.6,247.7,11.2,1,9.807,9.237,0,417,2.31,0.93,265,0.16,0.34,67,0.67,92,143,61,2.34
format-code-task-000493,format-code-task-000493__sa1iAGI,valid,,0,1.0,92.6,9.6,400.4,4.4,1,1.007,0.357,0,102,1.65,0.08,35,0.45,0.0,0,0.62,381,7,100,0.07
format-code-task-000098,format-code-task-000098__OUCuBke,valid,,0,0.0,6.5,16.5,271.4,8.1,1,1.765,0.941,0,521,2.33,0.22,67,0.41,0.05,5,0.63,231,25,67,0.37
format-code-task-002502,format-code-task-002502__XcEYkcE,valid,,0,1.0,4.7,13.9,365.0,11.3,1,4.943,2.463,0,1072,3.21,1.33,527,0.39,0.66,130,2.01,88,263,40,6.56
format-code-task-002760,format-code-task-002760__BfQdrOw,valid,NonZeroAgentExitCodeError,0,0.0,2.9,8.5,2118.9,136.8,1,16.0,15.996,88,1490,4.96,1.39,3236,0.13,0.75,1339,0.74,126,1812,47,38.55
format-code-task-001315,format-code-task-001315__2io42Ig,valid,,0,0.0,5.6,9.7,928.8,6.8,1,16.0,15.99,7,194,2.85,0.6,569,0.34,0.15,47,0.9,592,324,98,3.3
format-code-task-001109,format-code-task-001109__4UkRIgn,valid,,0,1.0,3.2,12.4,120.9,2.6,1,1.071,0.361,0,107,1.81,0.19,26,0.37,0.01,0,0.71,105,4,47,0.08
format-code-task-002320,format-code-task-002320__7bF2n70,valid,,0,0.0,5.9,15.8,563.7,8.2,1,8.926,8.202,0,582,3.15,0.65,388,0.24,0.32,107,0.68,349,198,156,1.27
format-code-task-000776,format-code-task-000776__dH3MY4Q,valid,,0,1.0,3.6,11.7,671.3,6.4,1,15.589,14.654,0,830,2.6,1.52,1054,0.17,0.73,323,0.66,128,529,60,8.82
format-code-task-000855,format-code-task-000855__V54GDZ7,valid,,0,1.0,4.5,15.2,461.5,7.4,1,6.438,5.738,0,434,2.88,1.33,655,0.21,0.69,206,0.63,128,320,36,8.89
format-code-task-000037,format-code-task-000037__VZXleLm,valid,,0,0.0,5.4,16.8,470.2,10.0,1,9.305,8.614,0,653,2.69,1.5,751,0.17,0.75,262,0.67,69,389,37,10.51
format-code-task-000876,format-code-task-000876__Uqf7t3T,valid,,0,1.0,4.6,11.6,734.5,10.1,1,14.691,13.77,0,968,2.9,1.21,926,0.14,0.57,288,1.04,321,400,91,4.4
format-code-task-001608,format-code-task-001608__fpFnoca,valid,,0,0.0,4.3,11.5,358.0,10.1,1,1.013,0.403,0,155,1.59,0.33,126,0.14,0.1,15,0.61,273,69,114,0.6
format-code-task-000604,format-code-task-000604__5Kd2UZA,valid,,0,0.0,6.8,24.0,504.5,28.2,1,15.95,15.147,0,963,2.72,1.43,807,0.27,0.7,257,0.65,81,403,67,6.02
format-code-task-002502,format-code-task-002502__Ajpbxd1,valid,,0,0.0,3.6,11.5,475.6,7.8,1,16.0,11.368,0,1569,3.46,1.42,709,0.33,0.72,175,5.63,111,348,52,6.7
format-code-task-002768,format-code-task-002768__SaFA6wd,valid,,0,1.0,5.3,12.5,398.8,10.2,1,9.396,8.48,0,530,2.92,0.64,276,0.19,0.32,89,0.68,252,132,86,1.54
format-code-task-000217,format-code-task-000217__16m5Cba,valid,,0,0.0,104.3,9.6,351.9,25.3,1,2.285,1.655,0,452,2.15,0.26,101,0.26,0.09,10,0.63,323,16,92,0.18
format-code-task-000973,format-code-task-000973__Kwptkg8,valid,,0,0.0,3.0,11.6,506.6,3.1,1,1.015,0.381,0,94,1.85,0.07,38,0.54,0.0,0,0.63,486,7,62,0.11
format-code-task-002078,format-code-task-002078__HTa64tJ,valid,,0,1.0,5.9,11.8,745.9,322.8,1,11.084,10.164,0,275,2.46,1.28,1392,0.09,0.61,454,1.23,258,475,127,3.74
format-code-task-002988,format-code-task-002988__XdfZ3zB,valid,,0,1.0,3.5,11.5,459.0,6.5,1,1.924,1.241,0,542,2.65,0.93,445,0.13,0.16,9,0.67,152,293,90,3.26
format-code-task-001297,format-code-task-001297__mcQoAnt,valid,,0,0.0,3.2,12.7,254.2,72.0,1,2.45,1.542,0,427,2.38,0.81,277,0.29,0.34,35,1.15,145,95,86,1.1
format-code-task-000876,format-code-task-000876__p5dV3cC,valid,,0,1.0,3.6,12.8,1144.8,6.4,1,13.445,11.396,0,1091,5.45,1.56,1818,0.18,0.69,591,2.18,163,969,42,23.06
format-code-task-002558,format-code-task-002558__VES6wez,valid,,0,1.0,4.3,15.3,1727.9,27.6,1,10.181,8.98,0,343,2.77,1.76,3123,0.1,0.83,888,1.88,100,1612,52,31.0
format-code-task-002322,format-code-task-002322__f003y2A,valid,,0,1.0,3.1,9.7,391.5,3.3,1,9.125,8.329,0,580,3.1,0.72,295,0.23,0.39,94,0.66,239,139,97,1.43
format-code-task-002650,format-code-task-002650__u4eawGn,valid,,0,0.0,4.8,16.7,1489.0,11.3,1,10.37,9.672,0,544,2.51,0.51,779,0.15,0.23,82,0.69,238,1236,86,14.37
format-code-task-002987,format-code-task-002987__8hCWVYp,valid,,0,1.0,11.5,78.7,492.1,24.1,1,6.463,5.903,0,652,2.9,0.56,335,0.24,0.26,67,0.68,227,147,74,1.99
format-code-task-002760,format-code-task-002760__LENDcSH,valid,,0,0.0,4.1,12.6,1754.4,3.9,1,16.0,15.563,0,894,3.37,0.91,1615,0.13,0.49,599,0.74,111,1630,46,35.43
format-code-task-001315,format-code-task-001315__KBVbDiJ,valid,,0,0.0,4.0,9.9,892.4,7.6,1,1.17,0.479,0,221,2.15,0.74,672,0.07,0.03,17,0.7,259,620,53,11.7
format-code-task-000682,format-code-task-000682__fIeHiBq,valid,NonZeroAgentExitCodeError,0,0.0,5.6,27.3,744.1,21.9,1,16.0,15.924,1,90,1.25,0.91,724,0.13,0.0,,0.62,49,63,33,1.91
format-code-task-002076,format-code-task-002076__Vujl6EE,valid,,0,1.0,8.9,15.4,459.9,171.4,1,9.092,8.351,0,276,2.32,1.4,919,0.08,0.66,285,0.74,123,322,58,5.56
format-code-task-002884,format-code-task-002884__8feIBHh,valid,,0,0.0,5.8,13.0,162.0,6.2,1,0.891,0.326,0,97,1.5,0.15,28,0.39,0.0,0,0.61,140,5,68,0.08
format-code-task-000036,format-code-task-000036__Q9M9j0D,valid,,0,1.0,5.5,11.5,1626.5,7.1,1,9.572,8.667,0,588,3.89,1.85,3047,0.21,0.91,1092,0.68,69,1543,52,29.68
format-code-task-000644,format-code-task-000644__c4phUKC,valid,,0,1.0,3.2,9.4,244.1,2.9,1,0.981,0.355,0,99,1.82,0.18,47,0.34,0.0,0,0.62,203,27,106,0.26
format-code-task-001698,format-code-task-001698__Zwt1Z2t,valid,,0,0.0,37.6,8.5,240.8,7.7,1,9.038,8.311,0,416,2.21,0.89,233,0.17,0.36,49,0.72,113,115,49,2.35
format-code-task-002326,format-code-task-002326__8e3zIdg,valid,,0,0.0,5.7,286.6,457.3,8.7,1,3.115,2.45,0,591,2.76,0.18,137,0.35,0.06,21,0.66,372,51,124,0.41
format-code-task-003060,format-code-task-003060__6grMGJN,valid,,0,0.0,4.9,13.0,437.3,12.9,1,16.0,15.999,25,590,3.42,1.51,709,0.13,0.76,245,0.71,80,343,43,7.98
format-code-task-002558,format-code-task-002558__KKa6n2L,valid,,0,1.0,6.6,14.6,247.1,68.1,1,7.514,6.623,0,256,2.4,0.6,202,0.17,0.26,33,0.79,148,85,46,1.84
format-code-task-001001,format-code-task-001001__8IPW3yP,valid,,0,0.0,3.0,11.5,875.2,3.9,1,12.763,12.028,0,607,4.11,1.36,1211,0.21,0.67,397,0.75,254,608,97,6.27
format-code-task-000385,format-code-task-000385__v4asmxi,valid,,0,1.0,4.9,14.3,419.8,7.5,1,1.89,0.797,0,476,3.89,0.32,145,0.43,0.16,21,0.87,341,65,63,1.03
format-code-task-000348,format-code-task-000348__kyTK7sE,valid,,0,1.0,4.0,17.9,859.4,586.0,1,15.683,13.412,0,1434,3.4,1.59,2339,0.13,0.77,544,4.79,191,649,72,9.02
format-code-task-002987,format-code-task-002987__s1afNJG,valid,,0,1.0,4.1,12.9,428.4,28.2,1,5.13,4.326,0,681,2.66,0.6,283,0.31,0.26,41,0.68,287,128,83,1.54
format-code-task-000835,format-code-task-000835__AIFFhUh,valid,,0,0.0,3.2,12.0,186.5,13.5,1,2.646,1.9,0,821,2.19,0.9,194,0.39,0.45,46,0.62,91,82,31,2.64
format-code-task-000036,format-code-task-000036__5zPsiAW,valid,,0,1.0,4.6,11.5,2176.3,11.5,1,9.196,8.493,0,587,4.0,1.84,4061,0.21,0.91,1506,0.68,118,2044,74,27.62
format-code-task-002000,format-code-task-002000__pqUW1Om,valid,,0,0.0,3.2,12.6,949.1,157.5,1,6.025,3.416,0,896,2.63,1.39,1556,0.2,0.69,296,2.84,237,700,201,3.48
format-code-task-000396,format-code-task-000396__fJKE5ml,valid,,0,0.0,55.8,8.7,319.0,18.6,1,6.631,5.931,0,266,2.15,1.07,374,0.13,0.38,33,0.68,119,186,50,3.73
format-code-task-000385,format-code-task-000385__9Z0UxXP,valid,,0,1.0,5.8,16.0,656.4,7.9,1,16.0,15.999,2,558,3.28,0.47,324,0.31,0.23,22,0.88,536,106,106,1.0
format-code-task-002884,format-code-task-002884__jac2npv,valid,,0,0.0,4.9,13.7,183.9,6.4,1,1.034,0.334,0,102,1.58,0.13,27,0.4,0.0,0,0.61,165,3,77,0.04
format-code-task-002330,format-code-task-002330__UvTOjjH,valid,,0,0.0,3.3,19.4,1139.5,6.5,1,1.681,0.962,0,414,1.82,0.09,110,0.39,0.01,6,0.64,1084,38,242,0.16
format-code-task-001109,format-code-task-001109__A3Tk7rn,infra,,0,0.0,3.4,61.2,782.6,781.2,1,16.0,15.998,1,111,1.05,0.54,872,0.1,0.0,3,1.71,138,606,53,11.44
format-code-task-002324,format-code-task-002324__X5tDH8x,valid,,0,0.0,37.4,8.7,173.0,4.3,1,3.059,2.316,0,451,2.4,0.46,87,0.32,0.19,12,0.66,126,35,50,0.7
format-code-task-000092,format-code-task-000092__C58SspV,valid,,0,0.0,3.2,12.9,405.1,6.7,1,0.948,0.501,0,191,2.07,0.32,137,0.37,0.04,7,0.62,303,90,66,1.36
format-code-task-002844,format-code-task-002844__toSa82x,valid,,0,0.0,3.6,11.5,183.0,2.9,1,5.714,4.575,0,278,2.38,0.6,120,0.18,0.12,6,0.76,79,82,26,3.16
format-code-task-000604,format-code-task-000604__pbboZ1y,valid,,0,1.0,30.7,31.4,438.3,34.8,1,13.391,12.689,0,676,3.47,1.05,539,0.26,0.46,127,0.65,155,263,68,3.87
format-code-task-001109,format-code-task-001109__EA7herz,valid,,0,1.0,3.0,13.6,696.9,2.6,1,1.116,0.374,0,107,1.98,0.09,65,0.41,0.0,0,0.71,81,603,60,10.06
format-code-task-002970,format-code-task-002970__su5qKz5,valid,,0,0.0,2.8,8.6,351.7,5.4,1,13.806,13.116,0,472,2.73,1.44,533,0.1,0.76,223,0.68,79,260,35,7.42
format-code-task-000014,format-code-task-000014__X1YRQGG,valid,,0,0.0,3.2,12.6,1022.0,4.0,1,2.34,1.253,0,444,2.35,0.25,261,0.27,0.14,29,1.38,267,736,46,16.0
format-code-task-002464,format-code-task-002464__k9EEyTq,valid,,0,0.0,9.0,15.1,2060.1,11.3,1,16.0,15.999,4,725,3.14,0.6,1249,0.29,0.26,208,1.33,472,1570,144,10.9
format-code-task-002797,format-code-task-002797__T0Vy5YT,valid,,0,1.0,20.7,18.3,577.3,7.7,1,10.864,10.169,0,753,2.45,1.05,639,0.18,0.44,148,0.67,220,340,76,4.48
format-code-task-001429,format-code-task-001429__65wehPQ,valid,,0,0.0,17.1,33.4,1120.8,200.1,1,12.787,11.97,0,811,3.3,1.02,1391,0.12,0.24,209,0.94,154,939,84,11.18
format-code-task-002240,format-code-task-002240__lFU51ND,valid,,0,0.0,6.3,35.1,437.4,17.6,1,3.487,2.805,0,165,2.23,0.76,376,0.22,0.3,18,0.67,197,222,112,1.98
format-code-task-001315,format-code-task-001315__RbFj3DK,valid,NonZeroAgentExitCodeError,0,0.0,4.7,10.8,1269.0,604.7,1,16.0,15.999,1,202,2.38,1.13,2136,0.27,0.02,40,0.7,112,627,38,16.5
format-code-task-000835,format-code-task-000835__tcP2gNW,valid,,0,0.0,4.7,14.4,205.7,17.0,1,2.676,1.979,0,813,2.27,0.84,207,0.35,0.42,40,0.62,102,89,50,1.79
format-code-task-000772,format-code-task-000772__gNe3S3g,valid,,0,0.0,3.5,12.7,474.5,53.1,1,13.457,12.774,0,779,2.68,1.53,829,0.12,0.77,284,0.62,102,358,93,3.85
format-code-task-001750,format-code-task-001750__o0TOBgw,valid,,0,0.0,12.9,20.3,294.2,8.6,1,3.408,2.385,0,209,1.59,0.64,220,0.35,0.03,5,1.62,180,93,48,1.93
format-code-task-000921,format-code-task-000921__4OyuS3j,valid,,0,0.0,3.2,12.7,124.5,8.1,1,3.851,2.91,0,531,2.49,0.94,140,0.26,0.23,10,0.67,42,69,33,2.09
format-code-task-000338,format-code-task-000338__K4JKHhB,valid,,0,1.0,3.7,17.3,440.4,26.2,1,1.362,0.678,0,259,1.76,0.76,372,0.11,0.01,10,0.63,106,319,24,13.29
format-code-task-000435,format-code-task-000435__xkyH7bz,valid,,0,0.0,9.8,14.2,1005.5,15.6,1,3.471,3.133,0,851,3.34,0.95,993,0.27,0.4,112,0.68,323,668,107,6.24
format-code-task-001244,format-code-task-001244__VtsVS1o,valid,,0,0.0,3.6,16.0,527.5,197.2,1,13.948,13.192,0,675,2.57,1.31,975,0.1,0.52,206,0.8,128,385,54,7.14
format-code-task-002379,format-code-task-002379__qmTWvRy,valid,,0,0.0,5.0,15.2,377.3,11.6,1,1.199,0.404,0,107,1.66,0.11,46,0.42,0.0,0,0.64,355,8,98,0.08
format-code-task-002043,format-code-task-002043__Mmepzn1,valid,,0,1.0,118.6,9.6,452.4,9.1,1,11.002,10.239,0,583,3.67,1.4,664,0.15,0.71,150,0.71,118,321,59,5.45
format-code-task-002885,format-code-task-002885__tcHB39g,valid,,0,1.0,19.3,14.9,573.6,14.4,1,10.096,10.044,0,617,3.04,0.99,602,0.18,0.5,100,0.65,272,287,91,3.16
format-code-task-000396,format-code-task-000396__4aUdDsX,valid,,0,0.0,65.1,8.6,474.8,18.4,1,6.505,5.788,0,267,2.18,1.18,598,0.13,0.51,58,0.68,159,302,72,4.2
format-code-task-000283,format-code-task-000283__oKMJafZ,valid,,0,0.0,5.0,34.6,209.9,11.4,1,2.465,1.516,0,523,2.0,0.62,160,0.21,0.02,4,0.66,56,134,29,4.61
format-code-task-000644,format-code-task-000644__hF2zc2E,valid,,0,0.0,3.0,8.3,715.1,4.4,1,1.055,0.347,0,102,1.85,0.09,67,0.42,0.0,0,0.62,670,30,120,0.25
format-code-task-003060,format-code-task-003060__UHV9x3j,valid,,0,0.0,4.9,12.8,717.5,12.4,1,16.0,15.999,42,581,2.74,1.63,1222,0.12,0.82,436,0.72,100,603,57,10.58
format-code-task-002323,format-code-task-002323__yczz6Ar,valid,,0,1.0,3.2,10.8,325.2,7.7,1,3.019,2.098,0,587,2.73,0.63,219,0.32,0.3,42,0.66,206,106,84,1.26
format-code-task-000901,format-code-task-000901__TV4nITf,valid,,0,0.0,3.8,15.6,548.7,5.3,1,13.327,12.22,0,321,2.41,0.39,222,0.35,0.13,20,1.09,418,113,63,1.8
format-code-task-001117,format-code-task-001117__0yiAdXD,valid,,0,0.0,5.8,13.6,451.1,2.8,1,1.052,0.392,0,95,2.05,0.27,127,0.2,0.08,3,0.62,370,68,69,0.98
format-code-task-001636,format-code-task-001636__C0iQh86,valid,,0,1.0,4.0,15.8,390.4,64.5,1,9.405,8.763,0,2617,3.09,1.19,565,0.21,0.49,136,1.09,131,242,74,3.27
format-code-task-000629,format-code-task-000629__psg5o5R,valid,,0,0.0,51.5,22.0,679.2,72.9,1,2.139,1.452,0,126,2.08,0.57,448,0.18,0.2,17,1.07,478,177,174,1.02
format-code-task-001632,format-code-task-001632__KXldQr3,valid,,0,0.0,3.0,10.9,521.8,25.3,1,5.698,4.728,0,1037,2.51,0.6,339,0.29,0.29,84,0.63,363,145,141,1.03
format-code-task-002077,format-code-task-002077__0VSl6T6,valid,,0,1.0,3.3,10.8,899.1,165.9,1,8.441,7.694,0,219,2.94,1.54,1664,0.07,0.69,467,0.74,134,750,70,10.71
format-code-task-000875,format-code-task-000875__U8Onm81,valid,,0,1.0,12.6,11.5,238.7,6.1,1,8.788,8.052,0,582,2.67,0.69,181,0.19,0.36,62,0.67,145,81,45,1.8
format-code-task-001420,format-code-task-001420__IeLtTv7,valid,,0,1.0,4.5,13.9,832.1,12.2,1,1.563,0.922,0,523,1.97,0.14,118,0.25,0.02,3,0.62,181,635,80,7.94
format-code-task-000755,format-code-task-000755__c0JrV3V,valid,,0,1.0,4.3,14.1,323.8,758.2,1,12.458,11.592,0,921,3.13,1.38,1524,0.1,0.68,377,0.67,276,31,84,0.37
format-code-task-002000,format-code-task-002000__JSuIHPf,valid,,0,0.0,5.1,16.6,1010.5,125.8,1,5.526,3.472,0,538,2.44,1.41,1638,0.18,0.7,302,2.59,281,714,244,2.93
format-code-task-002330,format-code-task-002330__wrx67uE,valid,,0,0.0,3.5,23.1,1040.5,5.6,1,3.627,2.982,0,461,2.31,0.19,209,0.29,0.07,36,0.64,934,88,215,0.41
format-code-task-001920,format-code-task-001920__kb7Q8hU,valid,,0,0.0,4.8,16.1,926.1,23.3,1,9.009,8.294,0,607,3.04,1.23,1197,0.15,0.61,281,0.65,306,607,162,3.74
format-code-task-002361,format-code-task-002361__x6a1bNe,valid,,0,1.0,4.6,14.7,556.4,7.5,1,14.594,12.606,0,1011,2.74,0.74,431,0.34,0.36,75,1.6,125,413,73,5.65
format-code-task-001315,format-code-task-001315__OQxaZdb,valid,,0,0.0,5.2,10.8,965.6,7.7,1,1.163,0.492,0,191,2.73,0.69,683,0.07,0.03,17,0.7,320,632,60,10.53
format-code-task-002327,format-code-task-002327__wdz8OF6,valid,,0,0.0,31.5,8.7,156.9,5.5,1,3.261,2.579,0,459,2.37,0.66,115,0.23,0.3,28,0.66,98,49,57,0.85
format-code-task-002680,format-code-task-002680__Pp4vhYt,valid,,0,0.0,4.3,11.4,486.3,7.9,1,0.969,0.616,0,99,1.85,0.1,49,0.36,0.0,1,0.61,447,26,74,0.35
format-code-task-000568,format-code-task-000568__6zr3zlp,valid,,0,0.0,4.3,11.8,385.9,4.7,1,1.041,0.396,0,87,1.86,0.27,109,0.17,0.0,2,0.62,290,83,90,0.93
format-code-task-002988,format-code-task-002988__0NhtTgv,infra,NonZeroAgentExitCodeError,0,0.0,3.4,13.6,233.8,653.5,1,16.0,16.0,1438,6335,17.83,1.7,1593,0.43,0.87,322,0.66,107,3,34,0.08
format-code-task-001339,format-code-task-001339__0fzyHPh,valid,,0,0.0,5.0,14.3,2110.0,6.6,1,16.0,15.998,32,271,2.86,1.79,3837,0.1,0.87,1533,0.99,133,1961,81,24.22
format-code-task-001527,format-code-task-001527__41VuLKg,infra,AgentTimeoutError,0,,3.4,13.0,3604.2,1800.0,0,,,,,,,,,,,,163,3392,58,58.48
format-code-task-000776,format-code-task-000776__ureABwz,valid,,0,1.0,3.4,10.8,362.6,5.3,1,15.386,14.554,0,788,2.52,1.06,406,0.2,0.51,115,0.66,146,204,75,2.72
format-code-task-001920,format-code-task-001920__F0nm2Tq,valid,,0,0.0,5.1,16.5,728.7,24.4,1,8.882,8.199,0,598,4.7,1.17,908,0.18,0.61,241,0.65,275,439,120,3.65
format-code-task-002987,format-code-task-002987__OtBffBS,valid,,0,1.0,14.3,46.7,467.4,29.5,1,7.274,6.543,0,676,2.64,0.67,368,0.28,0.28,72,0.68,229,183,78,2.35
format-code-task-001109,format-code-task-001109__y6kowr8,infra,,0,0.0,16.6,84.8,805.1,749.9,1,16.0,15.999,3,107,1.43,0.79,1307,0.08,0.0,3,1.71,293,495,47,10.54
format-code-task-002320,format-code-task-002320__FiAtzTp,valid,,0,0.0,6.4,15.5,763.1,8.5,1,9.119,8.523,0,580,2.58,0.82,651,0.19,0.42,221,0.68,416,330,161,2.05
format-code-task-000499,format-code-task-000499__wcEpULJ,valid,,0,0.0,3.6,19.4,331.1,30.5,1,1.729,0.677,0,368,2.25,0.47,182,0.28,0.24,18,1.14,254,63,90,0.7
format-code-task-002331,format-code-task-002331__KAuCIxq,valid,,0,0.0,4.9,10.6,1802.2,7.5,1,16.0,15.999,15,596,33.39,1.55,2826,0.64,0.8,1191,0.63,379,1408,175,8.04
format-code-task-000283,format-code-task-000283__Fu1FpIz,valid,,0,0.0,10.4,32.3,78.8,12.3,1,2.026,0.747,0,525,2.15,0.34,45,0.4,0.02,2,0.66,38,16,16,1.02
format-code-task-002884,format-code-task-002884__Ly8qO3B,valid,,0,1.0,6.5,15.0,123.2,8.4,1,0.872,0.303,0,98,1.46,0.16,24,0.39,0.0,0,0.61,105,2,51,0.04
format-code-task-002078,format-code-task-002078__Gjr3S3B,valid,,0,1.0,3.5,15.0,306.0,323.8,1,9.099,8.254,0,277,2.71,0.97,626,0.11,0.47,204,0.73,233,60,131,0.45
format-code-task-002000,format-code-task-002000__ncW2Mrl,valid,,0,0.0,3.6,12.8,740.3,123.0,1,5.413,3.18,0,550,3.08,1.4,1232,0.2,0.71,226,2.35,223,503,177,2.84
format-code-task-000396,format-code-task-000396__LGIjsB5,valid,,0,0.0,76.0,9.7,571.4,18.8,1,7.233,6.531,0,325,2.2,1.37,825,0.12,0.6,103,0.68,137,421,70,6.02
format-code-task-001698,format-code-task-001698__1RQoq4H,valid,,0,0.0,60.3,19.2,1380.5,12.8,1,2.136,1.412,0,532,2.1,0.12,174,0.26,0.02,6,0.73,127,1237,53,23.33
format-code-task-001411,format-code-task-001411__dBeojYW,valid,,0,0.0,3.5,13.2,1118.2,18.8,1,14.232,13.485,0,759,5.2,1.18,1366,0.11,0.28,232,0.73,184,921,75,12.28
format-code-task-002326,format-code-task-002326__RrFn5Eo,valid,,0,0.0,5.9,282.8,525.8,9.1,1,12.189,11.523,0,584,2.94,0.41,340,0.2,0.2,93,0.66,346,151,117,1.29
format-code-task-002240,format-code-task-002240__8CQkil1,valid,,0,0.0,4.6,18.6,256.3,21.9,1,1.579,0.716,0,157,2.35,0.42,128,0.29,0.18,7,0.67,187,52,91,0.57
format-code-task-003050,format-code-task-003050__rZX6ebR,valid,,0,1.0,4.5,10.7,1820.4,60.9,1,16.0,16.0,6,776,3.27,1.79,3386,0.33,0.83,645,1.38,97,1710,64,26.72
format-code-task-000094,format-code-task-000094__LmDyavu,valid,,0,1.0,4.8,18.3,280.0,15.2,1,2.58,2.001,0,83,1.99,0.59,188,0.21,0.05,,0.72,105,158,67,2.35
format-code-task-002967,format-code-task-002967__5EvR1Xo,valid,,0,0.0,3.1,10.8,535.6,5.5,1,11.584,10.877,0,590,3.07,1.25,692,0.26,0.65,245,0.63,187,335,69,4.86
format-code-task-000338,format-code-task-000338__1EIUHwW,valid,,0,1.0,3.8,17.3,655.0,22.1,1,1.407,0.695,0,263,1.68,0.84,583,0.13,0.02,12,0.63,123,517,35,14.78
format-code-task-000036,format-code-task-000036__uq53jSz,valid,,0,0.0,4.8,14.7,319.8,7.1,1,5.297,4.607,0,577,2.77,1.21,418,0.21,0.57,101,0.67,96,209,46,4.54
format-code-task-002328,format-code-task-002328__eDwBPwy,valid,,0,1.0,3.6,18.1,340.5,13.6,1,9.102,8.458,0,598,2.59,0.82,309,0.24,0.41,103,0.62,189,136,127,1.07
format-code-task-001420,format-code-task-001420__ROPQJK4,valid,,0,1.0,4.3,12.8,898.1,12.2,1,12.572,11.598,0,531,2.88,0.49,455,0.19,0.25,159,0.62,70,814,37,22.01
format-code-task-002318,format-code-task-002318__ewA3ax4,valid,,0,0.0,3.5,21.7,1159.8,8.6,1,16.0,15.997,41,594,3.75,1.1,1316,0.26,0.58,451,0.64,489,657,139,4.73
format-code-task-002760,format-code-task-002760__YfGmxLH,valid,,0,1.0,5.1,16.9,1887.8,4.9,1,16.0,15.794,0,903,2.92,1.26,2408,0.11,0.66,926,0.74,112,1763,49,35.98
format-code-task-001816,format-code-task-001816__NfVOgJp,valid,,0,1.0,4.6,10.7,580.6,12.8,1,1.196,0.494,0,258,2.13,0.18,109,0.44,0.07,7,0.74,535,30,150,0.2
format-code-task-000875,format-code-task-000875__zUDRqkQ,valid,,0,1.0,12.6,11.5,324.8,4.9,1,8.868,8.093,0,530,2.96,0.54,188,0.21,0.27,63,0.67,228,84,61,1.38
format-code-task-002988,format-code-task-002988__ukhbJjY,valid,,0,1.0,3.4,13.5,572.7,6.3,1,1.927,1.069,0,541,3.4,0.77,458,0.15,0.11,16,0.67,251,308,88,3.5
format-code-task-001632,format-code-task-001632__GrszJJP,valid,,0,0.0,6.5,17.8,177.6,29.0,1,4.584,3.613,0,1013,2.72,0.72,168,0.32,0.27,31,0.63,101,61,92,0.67
format-code-task-001567,format-code-task-001567__tVudPP1,valid,,0,1.0,7.5,17.2,269.9,4.9,1,1.154,0.512,0,99,1.7,0.25,74,0.21,0.0,1,0.63,201,56,45,1.24
format-code-task-002325,format-code-task-002325__5kfWp1R,valid,,0,0.0,3.1,11.6,576.4,4.8,1,12.55,11.863,0,546,3.01,0.86,516,0.2,0.47,173,0.66,317,246,78,3.16
format-code-task-000755,format-code-task-000755__hsm0SZb,valid,,0,1.0,3.7,9.6,215.7,813.9,1,12.275,11.37,0,901,2.91,1.37,1429,0.09,0.65,355,0.67,187,15,61,0.24
format-code-task-002207,format-code-task-002207__MCrAWnY,valid,,0,0.0,3.4,11.5,575.9,14.7,1,2.224,1.153,0,201,1.91,0.77,467,0.09,0.01,2,0.94,125,439,76,5.77
format-code-task-002018,format-code-task-002018__5khVjIz,valid,,0,1.0,4.1,33.9,1387.9,59.6,1,16.0,15.996,4,809,3.21,1.37,2031,0.15,0.68,679,0.75,167,1202,63,19.08
format-code-task-002327,format-code-task-002327__fUby6IH,valid,,0,1.0,42.3,8.7,246.3,4.5,1,3.605,2.911,0,464,2.65,0.71,186,0.23,0.34,55,0.66,150,84,95,0.88
format-code-task-000755,format-code-task-000755__cQHMc1j,valid,,0,1.0,3.0,10.7,300.4,844.7,1,11.899,11.196,0,909,3.17,1.28,1486,0.09,0.64,353,0.65,269,17,86,0.2
format-code-task-000499,format-code-task-000499__Saq2mxc,valid,,0,0.0,6.6,12.7,392.4,29.2,1,2.366,1.265,0,354,2.33,0.58,255,0.28,0.31,32,1.2,263,115,86,1.34
format-code-task-000236,format-code-task-000236__aMfNI7F,valid,,0,0.0,5.2,12.5,1395.7,6.0,1,16.0,16.0,14,1072,2.83,1.22,1731,0.13,0.58,583,0.67,474,908,111,8.18
format-code-task-001120,format-code-task-001120__lXDQJ0Y,valid,,0,0.0,5.0,15.3,164.6,8.8,1,1.8,1.088,0,527,3.51,0.39,77,0.36,0.08,4,0.63,111,38,56,0.67
format-code-task-002223,format-code-task-002223__sxJDmVz,valid,,0,1.0,5.1,13.8,1308.6,6.8,1,16.0,15.982,4,125,1.82,0.83,1113,0.49,0.01,10,1.21,242,1050,99,10.61
format-code-task-001109,format-code-task-001109__DyPF9Js,infra,,0,0.0,3.3,89.8,619.0,837.3,1,16.0,15.989,2,106,1.48,0.73,1132,0.09,0.0,3,1.71,366,234,49,4.78
format-code-task-000493,format-code-task-000493__joDjDEC,valid,,0,1.0,102.4,13.1,232.6,7.7,1,1.031,0.399,0,103,1.41,0.11,30,0.39,0.0,0,0.62,207,11,79,0.14
format-code-task-002558,format-code-task-002558__VgcZ2rw,valid,,0,1.0,2.9,11.8,2022.6,20.7,1,9.975,7.942,0,265,2.7,1.79,3675,0.09,0.87,994,1.86,124,1885,54,34.91
format-code-task-000338,format-code-task-000338__Q48kmuV,valid,,0,1.0,4.3,17.3,669.9,21.9,1,1.655,0.964,0,586,1.96,0.74,526,0.11,0.03,14,0.63,199,457,51,8.95
format-code-task-002767,format-code-task-002767__r0x6hjl,valid,,0,0.0,4.6,15.1,162.2,12.7,1,1.775,0.935,0,586,2.12,0.35,70,0.31,0.08,4,0.66,121,26,61,0.43
format-code-task-001339,format-code-task-001339__r7TEgWl,valid,,0,0.0,6.5,15.9,2294.7,1.7,1,14.485,13.628,0,260,2.65,1.63,3767,0.1,0.8,627,1.03,137,2144,84,25.52
format-code-task-002967,format-code-task-002967__NUQfR61,valid,,0,0.0,3.2,10.6,525.0,5.5,1,7.859,7.058,0,591,3.02,1.19,649,0.27,0.63,234,0.63,198,314,59,5.32
format-code-task-002230,format-code-task-002230__tQxn2BP,valid,,0,1.0,6.9,19.0,806.0,7.2,1,10.964,10.673,0,127,1.78,0.85,715,0.11,0.01,6,1.28,119,671,68,9.87
format-code-task-002324,format-code-task-002324__4VBiLog,valid,,0,0.0,37.0,10.8,187.6,5.7,1,5.387,4.692,0,460,2.41,0.68,141,0.24,0.35,41,0.66,113,61,42,1.46
format-code-task-000576,format-code-task-000576__CxfQANy,valid,,0,1.0,4.4,15.1,351.5,19.6,1,7.187,6.49,0,637,2.72,0.83,327,0.28,0.45,101,0.63,200,137,111,1.24
format-code-task-001297,format-code-task-001297__n3pQNsf,valid,,0,0.0,222.0,37.3,502.3,19.7,1,2.337,1.227,0,390,2.49,0.69,389,0.31,0.24,42,1.15,149,334,80,4.18
format-code-task-002766,format-code-task-002766__jbIwJCX,valid,,0,0.0,7.6,11.7,144.4,8.6,1,1.86,0.977,0,522,2.07,0.29,49,0.32,0.02,1,0.64,114,16,50,0.32
format-code-task-002088,format-code-task-002088__e6prS82,valid,,0,0.0,3.4,15.9,887.1,8.8,1,8.76,7.302,0,304,2.48,1.12,1024,0.15,0.54,187,1.48,338,533,118,4.52
format-code-task-002322,format-code-task-002322__clpozY3,valid,,0,0.0,3.1,8.6,378.0,3.3,1,8.663,7.997,0,574,3.34,0.56,220,0.25,0.3,73,0.66,264,101,103,0.98
format-code-task-002018,format-code-task-002018__7hHq1L6,valid,,0,0.0,4.5,12.7,1360.3,53.7,1,10.795,9.729,0,932,4.14,1.74,2482,0.18,0.86,979,0.72,142,1203,74,16.25
format-code-task-003050,format-code-task-003050__7kJWioi,valid,,0,1.0,3.0,10.8,2135.1,57.2,1,2.544,1.151,0,743,3.22,1.7,3749,0.26,0.81,591,1.59,244,1879,107,17.56
format-code-task-002844,format-code-task-002844__AYaiHSq,valid,,0,0.0,3.1,12.6,263.6,4.0,1,9.388,8.478,0,295,2.25,0.72,204,0.15,0.11,11,0.76,80,162,30,5.41
format-code-task-001120,format-code-task-001120__t66nvuV,valid,,0,1.0,3.1,15.9,447.9,5.0,1,16.0,15.526,0,737,2.73,0.71,334,0.24,0.27,80,0.64,234,198,136,1.46
format-code-task-000682,format-code-task-000682__w6E663X,valid,,0,0.0,5.5,25.9,499.1,48.8,1,0.814,0.386,0,90,0.94,0.12,72,0.42,0.0,,0.62,162,318,73,4.36
format-code-task-001750,format-code-task-001750__JzVhGsQ,valid,,0,1.0,3.0,9.7,385.1,5.4,1,16.0,15.974,1,212,1.79,0.73,301,0.27,0.03,9,1.1,162,208,44,4.72
format-code-task-002877,format-code-task-002877__n4FUJs5,valid,,0,1.0,40.1,12.6,661.8,268.9,1,12.189,11.495,0,130,2.25,1.12,1062,0.11,0.29,89,0.83,232,416,154,2.7
format-code-task-001997,format-code-task-001997__uzSjQgN,valid,,0,1.0,4.5,13.7,550.6,48.9,1,3.581,1.978,0,1162,3.1,0.82,510,0.34,0.44,102,1.89,229,308,89,3.46
format-code-task-000092,format-code-task-000092__5opYARv,valid,,0,1.0,3.2,9.6,379.6,5.5,1,0.916,0.55,0,379,1.92,0.27,108,0.35,0.03,5,0.62,298,68,70,0.98
format-code-task-000499,format-code-task-000499__IGPVSQK,valid,,0,0.0,3.7,18.1,487.1,3.1,1,2.413,1.145,0,394,2.35,0.45,229,0.3,0.25,30,1.23,291,182,92,1.97
format-code-task-002767,format-code-task-002767__dniN4ui,valid,,0,0.0,5.5,14.0,202.8,12.5,1,5.288,4.525,0,658,2.63,0.41,98,0.35,0.13,7,0.66,149,39,82,0.47
format-code-task-002330,format-code-task-002330__khI3ztS,valid,,0,1.0,5.9,18.4,892.4,5.4,1,3.632,2.975,0,458,2.15,0.15,140,0.31,0.05,20,0.64,829,48,211,0.23
format-code-task-002884,format-code-task-002884__QraH47u,valid,,0,0.0,3.1,8.7,166.8,3.4,1,0.942,0.31,0,91,1.77,0.13,24,0.36,0.0,1,0.61,152,2,84,0.02
format-code-task-002000,format-code-task-002000__ibc3F5Z,valid,,0,0.0,6.1,16.3,613.1,126.5,1,4.543,2.398,0,467,2.41,1.24,948,0.21,0.63,183,2.35,245,354,211,1.68
format-code-task-002043,format-code-task-002043__l9gh26E,valid,,0,1.0,68.5,9.7,662.8,7.9,1,11.777,11.377,0,450,2.53,1.41,961,0.15,0.68,251,0.71,172,479,92,5.2
format-code-task-002325,format-code-task-002325__9kA7qD6,valid,,0,0.0,3.2,11.5,301.6,4.8,1,12.576,11.791,0,605,2.67,0.94,302,0.21,0.49,96,0.66,144,142,53,2.68
format-code-task-001244,format-code-task-001244__fvWJlfJ,valid,,0,0.0,3.1,10.8,394.3,189.7,1,14.0,13.31,0,687,2.41,1.05,624,0.1,0.35,89,0.8,175,207,78,2.65
format-code-task-000396,format-code-task-000396__8TTvog7,valid,,0,0.0,76.7,10.4,569.9,21.1,1,9.014,8.299,0,333,2.35,1.41,856,0.13,0.54,95,0.7,108,449,63,7.12
format-code-task-002979,format-code-task-002979__KoEZfow,valid,,0,0.0,3.2,15.5,1065.2,5.8,1,12.276,11.508,0,594,2.48,0.6,658,0.18,0.36,145,0.65,188,861,46,18.71
format-code-task-001420,format-code-task-001420__dq7iCTv,valid,,0,1.0,6.0,11.5,831.6,13.0,1,7.672,7.356,0,521,2.76,0.41,352,0.21,0.21,86,0.62,64,753,34,22.14
format-code-task-001453,format-code-task-001453__wGcl73K,valid,,0,1.0,5.0,16.5,257.8,8.7,1,7.867,5.286,0,827,2.77,1.46,423,0.2,0.71,120,2.14,37,206,28,7.36
format-code-task-002223,format-code-task-002223__FZSiPYI,valid,,0,0.0,4.8,14.9,1305.2,7.7,1,16.0,15.965,1,127,1.49,0.83,1107,0.49,0.01,8,1.21,240,1049,85,12.34
format-code-task-002680,format-code-task-002680__i4DbqnD,valid,,0,0.0,4.7,11.7,322.1,7.3,1,0.924,0.591,0,99,2.0,0.11,39,0.35,0.0,0,0.61,289,19,68,0.28
format-code-task-002970,format-code-task-002970__rHuAPUE,valid,,0,1.0,3.9,15.1,282.7,6.6,1,3.664,3.265,0,97,2.06,0.7,216,0.14,0.16,,0.69,132,136,48,2.84
format-code-task-002078,format-code-task-002078__XjEewXM,valid,,0,1.0,3.3,12.9,265.2,327.2,1,9.079,8.151,0,275,2.63,1.05,640,0.09,0.51,212,0.74,212,39,98,0.4
format-code-task-002777,format-code-task-002777__TUYS1ko,valid,,0,1.0,3.1,12.7,411.2,67.8,1,3.778,1.732,0,535,2.11,0.42,210,0.16,0.05,2,0.85,320,75,81,0.93
format-code-task-001410,format-code-task-001410__VWnTqwK,valid,,0,1.0,4.7,14.3,598.0,12.2,1,3.299,2.632,0,523,2.1,1.0,631,0.08,0.05,4,0.7,152,432,67,6.45
format-code-task-002650,format-code-task-002650__TOfDxkq,valid,,0,0.0,4.5,24.2,1376.3,10.6,1,2.376,1.819,0,527,2.15,0.35,498,0.16,0.11,15,0.69,222,1138,87,13.08
format-code-task-001920,format-code-task-001920__ZsqUqxE,valid,,0,0.0,4.9,15.1,782.2,25.3,1,9.002,8.357,0,599,2.97,1.42,1176,0.18,0.73,331,0.64,192,574,100,5.74
format-code-task-002077,format-code-task-002077__E6TyTOr,valid,,0,1.0,3.5,11.8,871.1,152.6,1,9.484,8.57,0,290,3.18,1.49,1546,0.08,0.67,412,0.75,150,706,77,9.17
format-code-task-003060,format-code-task-003060__BdwySGw,valid,,0,0.0,4.0,13.1,411.6,12.0,1,16.0,15.989,19,730,2.72,1.59,707,0.12,0.8,249,0.69,60,338,28,12.05
format-code-task-000644,format-code-task-000644__4YJoN33,valid,,0,1.0,3.5,8.6,310.8,3.4,1,1.007,0.353,0,93,2.05,0.14,47,0.41,0.01,0,0.62,279,17,95,0.18
format-code-task-001451,format-code-task-001451__u5HAziB,valid,,0,1.0,85.7,11.8,817.8,8.8,1,11.664,8.471,0,1063,2.8,1.43,1203,0.18,0.71,369,4.87,195,609,69,8.82
format-code-task-001816,format-code-task-001816__93wbKLP,valid,,0,0.0,3.5,9.8,536.7,6.6,1,1.191,0.529,0,229,2.06,0.22,123,0.3,0.04,5,0.73,465,59,111,0.53
format-code-task-000776,format-code-task-000776__PoEjfEl,valid,,0,1.0,3.3,11.9,626.5,5.4,1,11.622,10.915,0,817,2.68,0.68,440,0.24,0.34,105,0.66,404,209,142,1.47
format-code-task-002680,format-code-task-002680__FEnB17g,valid,,0,1.0,4.8,11.9,333.6,7.5,1,0.961,0.614,0,98,1.7,0.1,35,0.38,0.0,0,0.61,305,15,66,0.22
format-code-task-002777,format-code-task-002777__UMyEW7X,valid,,0,0.0,3.0,12.6,849.7,52.4,1,16.0,15.988,5,641,3.49,0.77,703,0.13,0.38,110,0.85,173,662,65,10.18
format-code-task-002680,format-code-task-002680__KvM5wOg,valid,,0,0.0,4.7,10.5,527.4,7.7,1,1.221,0.614,0,99,1.71,0.08,45,0.39,0.0,1,0.61,492,21,82,0.25
format-code-task-000014,format-code-task-000014__nAtpovX,valid,,0,0.0,3.4,11.5,993.0,2.8,1,2.489,1.247,0,436,2.46,0.23,234,0.28,0.13,28,1.4,259,717,41,17.48
format-code-task-001750,format-code-task-001750__ihk6REh,valid,,0,0.0,8.9,20.3,642.6,8.9,1,16.0,15.99,1,212,1.79,0.82,622,0.36,0.01,8,5.3,370,240,53,4.52
format-code-task-001411,format-code-task-001411__JmBHfHa,valid,,0,0.0,3.7,15.3,3103.3,10.1,1,12.851,12.112,0,621,3.94,1.4,4381,0.09,0.37,584,0.72,227,2864,114,25.12
format-code-task-000629,format-code-task-000629__n76FOI5,valid,,0,0.0,23.9,8.5,861.0,59.6,1,1.7,0.805,0,108,2.02,0.62,582,0.42,0.05,1,0.93,434,414,183,2.26
format-code-task-000604,format-code-task-000604__J7AIGha,valid,,0,0.0,32.2,31.4,467.9,31.6,1,13.592,12.865,0,672,3.57,1.12,601,0.25,0.52,153,0.65,155,292,63,4.63
format-code-task-002327,format-code-task-002327__wmxuG2a,valid,,0,1.0,42.9,9.6,228.1,5.4,1,12.768,12.05,0,614,3.3,1.35,332,0.22,0.67,117,0.66,61,155,49,3.16
format-code-task-001856,format-code-task-001856__quyiQK0,valid,,0,0.0,2.8,11.7,546.0,29.2,1,9.986,9.341,0,589,2.46,1.11,653,0.21,0.54,143,0.66,214,318,109,2.92
format-code-task-000632,format-code-task-000632__1stWw7M,valid,,0,0.0,60.4,10.4,1044.3,9.9,1,16.0,15.998,35,763,3.04,0.9,963,0.13,0.37,206,0.7,215,813,55,14.79
format-code-task-000859,format-code-task-000859__LKcCfd3,valid,,0,1.0,6.0,11.5,920.5,7.3,1,16.0,15.998,9,2296,2.69,1.57,1475,0.34,0.79,428,7.13,125,783,37,21.17
format-code-task-002077,format-code-task-002077__5hbzLMw,valid,,0,1.0,3.1,10.8,784.9,228.9,1,8.445,7.514,0,222,2.74,1.47,1511,0.08,0.65,436,0.75,156,615,65,9.47
format-code-task-002230,format-code-task-002230__RX7BaOL,valid,,0,1.0,5.5,17.2,758.5,6.8,1,10.982,10.662,0,125,1.82,0.89,700,0.09,0.01,3,1.28,81,662,53,12.49
format-code-task-000493,format-code-task-000493__lKT1QnD,valid,,0,1.0,71.7,6.5,278.1,3.3,1,1.04,0.413,0,103,1.7,0.08,22,0.34,0.0,0,0.64,256,10,64,0.16
format-code-task-002979,format-code-task-002979__mb7Ze9g,valid,,0,0.0,3.4,11.8,288.9,5.4,1,12.511,11.811,0,589,2.26,0.99,305,0.19,0.52,65,0.63,132,144,43,3.34
format-code-task-001297,format-code-task-001297__HKAKCTP,valid,,0,0.0,229.8,35.3,407.8,28.3,1,2.503,1.599,0,421,3.01,0.79,376,0.29,0.28,45,1.15,124,263,65,4.04
format-code-task-002223,format-code-task-002223__mtVEEmA,valid,,0,1.0,5.3,15.0,1350.8,7.5,1,14.413,13.982,0,127,1.72,0.83,1147,0.47,0.01,7,1.22,243,1091,70,15.58
format-code-task-002343,format-code-task-002343__xhEmJqa,valid,,0,0.0,3.7,12.9,644.1,5.4,1,1.581,0.795,0,307,2.37,0.55,364,0.19,0.18,13,0.69,359,272,245,1.11
format-code-task-000604,format-code-task-000604__9YClbCM,valid,,0,0.0,28.3,31.5,629.0,37.0,1,14.463,13.571,0,949,3.18,1.35,952,0.24,0.65,269,0.65,140,471,72,6.53
format-code-task-000232,format-code-task-000232__0xkld4C,valid,,0,1.0,4.3,23.3,647.8,39.4,1,1.505,0.992,0,77,1.12,0.33,235,0.46,0.0,,0.63,437,186,91,2.05
format-code-task-002650,format-code-task-002650__Kz36KGt,valid,,0,0.0,4.6,16.8,1114.5,11.7,1,8.688,8.372,0,528,2.32,0.45,516,0.14,0.19,47,0.68,194,906,68,13.32
format-code-task-000036,format-code-task-000036__VhSGl1E,valid,,0,0.0,4.6,13.7,849.9,6.1,1,9.03,8.329,0,583,3.32,1.73,1511,0.2,0.85,525,0.68,78,760,37,20.53
format-code-task-002088,format-code-task-002088__qAJ15LR,valid,,0,0.0,5.6,22.6,708.2,11.9,1,8.466,6.938,0,242,2.39,1.3,973,0.14,0.62,155,1.45,188,503,104,4.84
format-code-task-000385,format-code-task-000385__EJpgswh,valid,NonZeroAgentExitCodeError,0,0.0,6.1,16.5,692.7,53.2,1,16.0,15.994,3,469,4.59,0.43,329,0.33,0.17,21,0.89,564,67,118,0.57
format-code-task-000568,format-code-task-000568__iWR77Hh,valid,,0,0.0,4.4,12.9,290.8,7.3,1,0.974,0.324,0,99,1.97,0.11,36,0.38,0.0,0,0.62,262,11,90,0.12
format-code-task-000629,format-code-task-000629__rX1IO1o,valid,,0,0.0,43.5,9.6,659.0,66.9,1,10.227,9.51,0,249,2.39,0.66,491,0.19,0.26,95,0.66,446,197,191,1.03
format-code-task-001527,format-code-task-001527__ajTHGUe,valid,,0,1.0,4.9,13.0,3058.1,329.8,1,6.53,5.893,0,172,2.65,1.79,6087,0.02,0.9,1806,0.62,271,2773,54,51.34
format-code-task-001117,format-code-task-001117__hQchPv1,valid,,0,0.0,3.4,13.7,354.0,2.9,1,1.173,0.393,0,92,1.76,0.09,35,0.42,0.0,1,0.62,336,4,74,0.06
format-code-task-001632,format-code-task-001632__CycNWw8,valid,,0,1.0,5.0,10.8,293.4,24.6,1,3.055,2.402,0,586,2.23,0.39,130,0.34,0.14,16,0.63,239,40,96,0.41
format-code-task-002019,format-code-task-002019__L6MRiek,valid,,0,1.0,3.3,10.4,725.2,10.6,1,16.0,15.49,0,810,3.93,1.45,1084,0.16,0.71,383,0.67,168,543,67,8.11
format-code-task-002318,format-code-task-002318__XzO8t7b,valid,,0,1.0,3.8,15.9,616.6,8.7,1,16.0,15.998,7,596,4.24,1.05,681,0.26,0.57,232,0.63,264,337,77,4.38
format-code-task-002324,format-code-task-002324__wKVhit0,valid,,0,0.0,36.9,8.5,113.5,4.4,1,2.983,2.141,0,451,2.09,0.43,56,0.28,0.17,8,0.66,80,20,31,0.64
format-code-task-001244,format-code-task-001244__aljcRFx,valid,,0,0.0,3.2,12.0,592.3,183.2,1,13.807,13.054,0,684,3.74,1.32,1043,0.13,0.5,166,0.8,152,427,83,5.15
format-code-task-000682,format-code-task-000682__xnqcCac,valid,,0,0.0,4.6,28.3,540.9,45.9,1,0.755,0.386,0,90,1.0,0.12,73,0.43,0.0,,0.62,150,372,75,4.96
format-code-task-001997,format-code-task-001997__oIluD9B,valid,,0,1.0,4.7,15.5,764.2,14.1,1,9.919,6.921,0,1863,3.26,1.29,1032,0.31,0.67,290,3.32,229,520,85,6.11
format-code-task-001516,format-code-task-001516__JbQLDOZ,valid,,0,1.0,6.4,17.7,1213.7,8.1,1,16.0,15.998,8,928,2.64,1.9,2364,0.08,0.94,304,10.68,313,871,87,10.02
format-code-task-000348,format-code-task-000348__lgZLrP9,valid,,0,1.0,4.4,18.1,891.0,514.3,1,16.0,13.866,0,1549,3.44,1.62,2312,0.12,0.76,555,6.11,135,739,51,14.5
format-code-task-000855,format-code-task-000855__25I8kdE,valid,,0,1.0,3.6,14.0,775.9,59.2,1,10.744,9.923,0,725,2.69,1.72,1471,0.1,0.87,581,0.63,131,600,33,18.19
format-code-task-002361,format-code-task-002361__PmMhBGk,valid,,0,1.0,5.2,14.6,616.2,8.8,1,3.746,2.047,0,977,2.73,0.64,414,0.37,0.31,77,1.65,151,449,82,5.47
format-code-task-001636,format-code-task-001636__1MW1jHm,valid,,0,1.0,4.2,15.7,685.3,64.6,1,14.637,13.792,0,1623,2.79,1.34,1029,0.2,0.57,225,1.09,161,507,92,5.51
format-code-task-001120,format-code-task-001120__w5vsv38,valid,,0,0.0,3.1,14.0,302.1,5.0,1,1.831,0.972,0,529,1.94,0.45,146,0.32,0.06,5,0.64,190,95,155,0.62
format-code-task-001339,format-code-task-001339__lPH6qqZ,valid,AgentTimeoutError,0,0.0,3.2,12.5,3604.2,35.4,1,15.242,14.066,0,291,2.7,1.13,4129,0.11,0.19,509,1.1,205,3335,55,60.64
format-code-task-001411,format-code-task-001411__vEpfAGH,valid,,0,0.0,3.6,15.3,1564.1,24.9,1,14.76,13.589,0,773,4.44,1.37,2201,0.15,0.46,526,0.73,206,1344,104,12.92
format-code-task-002230,format-code-task-002230__PcPoHS7,valid,,0,1.0,6.7,18.7,857.1,7.3,1,11.061,10.662,0,126,1.93,0.83,742,0.1,0.01,6,1.28,144,698,71,9.84
format-code-task-002019,format-code-task-002019__jpYRCgN,valid,,0,0.0,3.0,16.1,684.8,8.9,1,14.277,13.517,0,836,2.81,1.37,975,0.18,0.7,319,0.67,190,482,80,6.02
format-code-task-000435,format-code-task-000435__bINbwwJ,valid,,0,0.0,10.1,16.5,1561.5,30.1,1,16.0,15.999,19,1132,8.92,1.82,2944,0.16,0.93,548,0.69,225,1322,75,17.62
format-code-task-001816,format-code-task-001816__QMRlYpT,valid,,0,1.0,4.8,11.7,288.8,13.3,1,1.18,0.505,0,251,2.23,0.2,63,0.42,0.07,4,0.7,263,13,81,0.16
format-code-task-001109,format-code-task-001109__6ytnIBp,valid,,0,0.0,14.1,83.3,1113.4,2.8,1,16.0,15.976,2,104,1.06,0.55,671,0.13,0.0,3,0.77,419,677,83,8.16
format-code-task-002329,format-code-task-002329__KpIcJrb,valid,,0,0.0,3.3,13.9,561.2,8.8,1,9.131,8.718,0,589,2.72,1.04,614,0.4,0.39,162,0.65,164,382,86,4.44
format-code-task-002018,format-code-task-002018__IwHcI2U,valid,,0,1.0,4.8,16.2,1069.2,59.1,1,6.975,5.97,0,783,4.77,1.51,1735,0.2,0.74,646,0.71,219,836,54,15.48
format-code-task-000629,format-code-task-000629__LvexddY,valid,,0,0.0,55.1,11.4,913.0,70.6,1,10.962,10.26,0,247,2.33,0.44,440,0.18,0.16,82,0.97,739,160,190,0.84
format-code-task-000217,format-code-task-000217__24GcLZF,valid,,0,0.0,113.8,8.7,578.6,25.5,1,7.495,6.82,0,453,2.41,1.01,624,0.18,0.53,169,0.64,276,290,98,2.96
format-code-task-001411,format-code-task-001411__cuqe9kT,valid,,0,0.0,3.9,14.2,808.7,12.1,1,2.923,2.193,0,524,2.21,0.8,674,0.08,0.03,15,0.71,205,590,75,7.87
format-code-task-001698,format-code-task-001698__5ARKB5y,valid,,0,0.0,37.6,8.6,581.5,8.1,1,16.0,15.987,19,423,3.73,1.33,803,0.17,0.66,280,0.73,167,401,43,9.32
format-code-task-001527,format-code-task-001527__fWT5MJC,valid,,0,1.0,3.1,10.8,3032.3,698.7,1,4.444,3.86,0,177,2.57,1.89,7073,0.02,0.94,1903,0.62,130,2889,61,47.36
format-code-task-002379,format-code-task-002379__LkGpjFD,valid,,0,1.0,4.6,14.3,348.7,11.5,1,1.035,0.4,0,99,1.68,0.13,50,0.39,0.0,0,0.64,321,13,98,0.13
format-code-task-000568,format-code-task-000568__bqToRro,valid,,0,0.0,4.6,15.1,285.2,7.1,1,1.116,0.401,0,98,1.7,0.29,93,0.16,0.0,0,0.62,200,70,73,0.95
format-code-task-000859,format-code-task-000859__GANGZee,valid,,0,1.0,5.7,11.5,398.0,42.7,1,3.108,2.111,0,530,2.62,0.99,452,0.44,0.48,94,1.69,117,269,42,6.4
format-code-task-000236,format-code-task-000236__719oiJd,valid,,0,0.0,6.4,12.5,2080.2,7.0,1,16.0,16.0,11,1090,3.63,1.65,3476,0.16,0.83,1309,0.67,323,1743,104,16.76
format-code-task-001516,format-code-task-001516__8AzmpJo,valid,,0,0.0,3.7,10.5,761.7,11.7,1,2.916,2.116,0,832,4.15,0.88,689,0.36,0.43,123,0.68,332,417,112,3.72
format-code-task-000576,format-code-task-000576__F50LUc1,valid,,0,1.0,4.4,15.7,506.4,19.7,1,7.275,6.603,0,593,2.91,0.87,480,0.26,0.47,156,0.63,272,219,194,1.13
format-code-task-001453,format-code-task-001453__hHq6xSh,valid,,0,0.0,5.5,11.5,394.1,5.6,1,8.155,5.942,0,1049,2.56,1.18,489,0.19,0.59,112,2.34,138,243,54,4.5
format-code-task-001567,format-code-task-001567__SCZdKky,valid,,0,1.0,8.9,16.8,509.8,7.4,1,3.915,2.622,0,182,2.08,0.59,318,0.15,0.03,4,0.97,163,333,45,7.41
format-code-task-002970,format-code-task-002970__qmUdAqz,valid,,0,0.0,4.2,14.1,152.1,8.5,1,1.578,1.193,0,101,2.09,0.54,96,0.17,0.13,,0.67,83,54,38,1.43
format-code-task-003005,format-code-task-003005__98DMdXv,valid,,0,0.0,14.9,27.2,278.3,7.4,1,16.0,15.993,2,82,1.18,0.51,162,0.25,0.0,1,0.75,131,129,69,1.87
format-code-task-002323,format-code-task-002323__SZ4aq4V,valid,,0,1.0,3.1,10.7,336.0,5.6,1,2.758,2.06,0,594,2.49,0.26,94,0.33,0.12,14,0.66,285,36,84,0.42
format-code-task-002207,format-code-task-002207__98031Xv,valid,,0,1.0,4.8,14.3,920.5,18.0,1,2.278,1.224,0,204,1.9,0.8,774,0.09,0.01,7,1.03,178,729,113,6.45
format-code-task-002443,format-code-task-002443__U0PKukI,valid,,0,1.0,4.8,15.5,117.7,6.5,1,1.013,0.301,0,92,1.68,0.18,27,0.4,0.0,0,0.71,100,3,73,0.04
format-code-task-000037,format-code-task-000037__V7CE3Oj,valid,,0,0.0,4.2,14.7,227.2,7.1,1,6.436,5.537,0,654,2.4,1.04,264,0.18,0.47,69,0.67,81,134,32,4.18
format-code-task-000973,format-code-task-000973__4A6e8g7,valid,,0,0.0,3.1,9.4,564.7,3.1,1,1.11,0.388,0,96,1.82,0.08,47,0.53,0.0,0,0.63,539,13,93,0.14
format-code-task-002325,format-code-task-002325__f1AgBsY,valid,,0,0.0,3.5,9.5,281.0,6.3,1,12.502,11.817,0,585,3.08,1.11,336,0.19,0.58,100,0.66,108,158,49,3.23
format-code-task-002343,format-code-task-002343__8KDyMMw,valid,,0,0.0,4.0,12.8,799.6,5.3,1,9.528,8.822,0,489,2.46,0.6,491,0.15,0.31,105,0.7,115,670,86,7.79
format-code-task-002280,format-code-task-002280__YzPqQuJ,valid,,0,0.0,3.4,14.7,835.8,29.9,1,16.0,15.976,1,326,2.66,1.37,1208,0.15,0.7,288,0.64,238,584,88,6.64
format-code-task-001244,format-code-task-001244__yKdmcMr,valid,,0,0.0,2.9,11.8,981.0,179.3,1,14.353,13.572,0,663,2.43,0.52,614,0.12,0.17,94,0.8,94,873,78,11.2
format-code-task-000644,format-code-task-000644__ZlWNllp,valid,,0,1.0,4.5,10.0,280.7,3.6,1,0.978,0.345,0,90,1.89,0.15,44,0.39,0.01,0,0.62,253,14,99,0.15
format-code-task-001997,format-code-task-001997__MDETDgO,valid,,0,1.0,4.7,14.5,1148.9,13.7,1,11.307,7.539,0,1808,3.36,1.36,1606,0.27,0.69,459,3.77,255,879,117,7.51
format-code-task-002768,format-code-task-002768__h0dTKTT,valid,,0,1.0,3.0,9.7,521.5,6.5,1,1.58,1.118,0,522,2.04,0.14,74,0.35,0.02,3,0.66,484,25,150,0.17
format-code-task-001549,format-code-task-001549__u6U75k2,valid,,0,0.0,4.6,15.2,458.0,14.4,1,7.821,7.061,0,595,2.83,0.6,299,0.29,0.29,82,0.63,300,143,96,1.49
format-code-task-000776,format-code-task-000776__brFS9lc,valid,,0,0.0,3.1,11.9,355.0,6.6,1,15.065,14.395,0,838,2.52,0.95,357,0.22,0.48,109,0.64,169,173,68,2.54
format-code-task-000283,format-code-task-000283__Lqz6SyI,valid,,0,0.0,3.9,31.3,197.3,11.8,1,4.383,3.023,0,547,2.21,0.65,158,0.25,0.11,7,0.66,57,122,27,4.54
format-code-task-002343,format-code-task-002343__eL4UT6a,valid,,0,0.0,4.9,16.9,927.1,5.9,1,9.205,8.406,0,399,2.42,0.62,589,0.17,0.3,109,0.69,129,782,137,5.71
format-code-task-000772,format-code-task-000772__BKxkRge,valid,,0,0.0,3.2,12.5,120.9,67.4,1,5.472,4.845,0,602,2.4,0.79,161,0.15,0.39,39,0.62,100,6,78,0.08
format-code-task-001549,format-code-task-001549__XPqrOEw,valid,,0,1.0,3.5,19.0,361.3,8.3,1,8.065,7.368,0,597,2.68,0.86,335,0.26,0.41,96,0.63,188,158,73,2.17
format-code-task-003050,format-code-task-003050__P8uRJx9,valid,,0,1.0,3.5,9.7,1991.3,63.9,1,16.0,15.958,2,766,3.19,1.74,3606,0.3,0.82,642,1.81,176,1802,95,18.96
format-code-task-001516,format-code-task-001516__TFnRmuD,valid,,0,1.0,6.7,21.4,1099.9,8.0,1,2.861,2.111,0,848,3.06,0.92,1048,0.18,0.37,120,0.68,467,617,89,6.94
format-code-task-002324,format-code-task-002324__FF2ZnOg,valid,,0,1.0,36.0,8.7,555.5,5.4,1,11.169,10.5,0,465,2.66,1.13,650,0.18,0.61,231,0.66,231,314,62,5.06
format-code-task-002777,format-code-task-002777__cGfg5DB,valid,,0,1.0,3.1,11.6,949.7,43.1,1,16.0,15.994,5,677,2.46,1.47,1479,0.13,0.71,283,0.86,195,739,64,11.55
format-code-task-000835,format-code-task-000835__NPPZkIj,valid,,0,1.0,5.0,16.7,273.0,18.0,1,2.798,1.947,0,819,2.28,0.51,162,0.34,0.26,31,0.62,120,139,49,2.83
format-code-task-002767,format-code-task-002767__A0VBdmM,valid,,0,0.0,5.0,13.7,493.2,9.0,1,9.925,9.583,0,613,3.1,1.17,608,0.19,0.59,220,0.68,185,295,73,4.04
format-code-task-000236,format-code-task-000236__vkvVn0p,valid,,0,0.0,4.7,12.5,1565.5,5.9,1,16.0,15.994,7,766,3.84,1.58,2505,0.13,0.77,876,0.67,245,1308,53,24.67
format-code-task-002319,format-code-task-002319__9KBB4rf,valid,,0,1.0,3.1,9.7,812.3,5.4,1,16.0,15.977,32,827,2.84,0.78,647,0.26,0.43,215,0.63,116,681,59,11.55
format-code-task-000855,format-code-task-000855__KPXw5tc,valid,,0,1.0,4.2,15.0,1503.0,34.2,1,11.906,11.247,0,635,2.56,1.97,3077,0.07,0.98,1195,0.63,135,1331,41,32.47
format-code-task-002767,format-code-task-002767__wfQXfkd,valid,,0,0.0,4.7,12.8,300.0,11.4,1,2.159,1.261,0,589,2.19,0.23,78,0.32,0.07,4,0.66,256,29,68,0.43
format-code-task-002207,format-code-task-002207__nMu08ai,valid,,0,1.0,4.6,13.1,1442.9,15.8,1,2.531,1.271,0,207,1.79,0.85,1254,0.08,0.01,9,1.06,235,1194,125,9.56
format-code-task-002777,format-code-task-002777__MigZHMr,valid,,0,1.0,3.2,11.7,233.3,66.4,1,2.719,1.763,0,532,2.15,0.44,138,0.17,0.05,1,0.85,192,28,63,0.44
format-code-task-002076,format-code-task-002076__ahJkFxM,valid,,0,1.0,4.7,11.9,420.1,163.2,1,9.117,8.376,0,272,2.54,1.53,914,0.09,0.7,266,0.74,79,328,50,6.56
format-code-task-002885,format-code-task-002885__WudJ4aq,valid,,0,0.0,4.0,14.7,517.9,16.6,1,11.987,11.492,0,621,2.98,1.31,724,0.19,0.63,117,0.67,145,358,58,6.16
format-code-task-002979,format-code-task-002979__vypBszf,valid,,0,0.0,3.1,14.4,1012.5,5.8,1,12.011,11.269,0,607,2.42,0.57,587,0.18,0.34,128,0.66,145,851,32,26.61
format-code-task-002088,format-code-task-002088__wSGsuiE,valid,,0,0.0,3.5,14.8,900.3,8.6,1,8.318,6.851,0,246,2.58,1.06,986,0.14,0.54,170,1.43,384,501,106,4.72
format-code-task-000499,format-code-task-000499__aUdotcH,valid,,0,1.0,4.1,17.2,385.7,61.4,1,2.349,1.203,0,390,2.44,0.55,257,0.28,0.29,31,1.22,255,115,79,1.46
format-code-task-001567,format-code-task-001567__WjoYPxx,valid,,0,1.0,9.2,17.0,291.1,3.9,1,1.296,0.612,0,101,1.89,0.3,94,0.19,0.0,1,0.69,194,84,49,1.71
format-code-task-000094,format-code-task-000094__I8ukyuJ,valid,,0,0.0,3.7,8.6,427.2,25.8,1,2.036,1.197,0,526,2.11,0.87,404,0.09,0.16,5,0.72,128,286,90,3.18
format-code-task-000037,format-code-task-000037__LCPbxaR,valid,,0,0.0,4.9,15.7,320.4,9.6,1,9.503,8.666,0,653,2.45,1.24,430,0.17,0.59,142,0.68,61,248,27,9.17
format-code-task-002088,format-code-task-002088__0bGNwG3,valid,,0,0.0,5.0,22.8,776.1,7.2,1,8.108,6.824,0,244,2.55,1.3,1057,0.14,0.64,168,1.18,218,539,91,5.93
format-code-task-001698,format-code-task-001698__DDFx1eH,valid,,0,0.0,38.5,8.6,796.2,9.9,1,2.177,1.459,0,534,2.24,0.12,97,0.33,0.02,3,0.73,176,607,56,10.84
format-code-task-000094,format-code-task-000094__dSusbVq,valid,,0,1.0,4.1,19.5,282.9,17.9,1,2.724,2.168,0,83,2.06,0.69,223,0.17,0.07,,0.73,97,169,54,3.12
format-code-task-003060,format-code-task-003060__dDwPWWa,valid,,0,0.0,2.9,9.7,474.5,8.7,1,16.0,15.998,16,447,2.59,1.49,738,0.1,0.73,274,0.7,100,362,48,7.53
format-code-task-001856,format-code-task-001856__AOtERtY,valid,,0,0.0,2.8,10.7,538.3,30.3,1,14.164,13.419,0,592,3.15,1.09,635,0.19,0.5,152,0.66,211,315,111,2.84
format-code-task-000232,format-code-task-000232__rULN9F3,valid,,0,0.0,5.7,24.3,505.1,36.7,1,1.499,0.991,0,89,1.1,0.43,244,0.49,0.0,,0.63,273,205,48,4.28
format-code-task-002844,format-code-task-002844__VkpyzpS,valid,,0,0.0,3.1,22.3,150.7,2.9,1,2.402,1.698,0,345,2.09,0.49,87,0.23,0.12,4,0.71,79,55,31,1.78
format-code-task-002328,format-code-task-002328__hbmQvws,valid,,0,0.0,3.6,14.9,349.9,14.3,1,9.115,8.333,0,592,2.53,0.98,375,0.22,0.5,125,0.62,167,168,104,1.61
format-code-task-002280,format-code-task-002280__CsqBAa7,valid,,0,1.0,3.8,12.5,609.4,31.5,1,12.261,11.486,0,243,2.63,1.3,860,0.15,0.67,199,0.64,185,411,74,5.55
format-code-task-002319,format-code-task-002319__pufWsn2,valid,,0,0.0,3.3,10.8,203.8,5.7,1,6.293,5.488,0,795,2.7,0.72,161,0.32,0.34,45,0.63,117,71,54,1.31
format-code-task-002877,format-code-task-002877__ZCjMIVU,valid,,0,0.0,38.3,9.7,178.7,82.8,1,1.059,0.95,0,92,2.01,0.4,110,0.21,0.01,0,0.68,165,2,80,0.02
format-code-task-002330,format-code-task-002330__khxbtDP,valid,,0,1.0,3.7,20.6,1031.8,6.8,1,3.704,2.938,0,417,2.34,0.13,137,0.34,0.03,14,0.64,963,52,210,0.25
format-code-task-003005,format-code-task-003005__EmvduzV,valid,,0,0.0,3.0,13.6,491.2,2.9,1,16.0,15.883,1,101,1.64,0.19,96,0.3,0.0,2,0.75,409,69,88,0.78
format-code-task-002502,format-code-task-002502__Lq6I9Dc,valid,,0,0.0,3.6,11.5,434.6,7.5,1,14.975,10.191,0,1698,6.1,1.48,677,0.35,0.73,173,5.02,81,339,35,9.68
format-code-task-000901,format-code-task-000901__IQGhqlV,valid,,0,1.0,4.0,14.9,249.5,78.1,1,1.706,0.945,0,420,2.25,0.53,183,0.29,0.19,18,1.06,215,18,63,0.29
format-code-task-000232,format-code-task-000232__o6JZbQR,valid,,0,1.0,5.4,22.0,485.9,35.7,1,1.502,0.97,0,91,1.11,0.33,180,0.46,0.0,,0.63,316,148,57,2.6
format-code-task-001856,format-code-task-001856__10J6VYT,valid,,0,0.0,2.8,9.6,789.5,30.3,1,12.98,12.055,0,588,2.91,1.04,867,0.2,0.5,236,0.82,340,437,131,3.34
format-code-task-001816,format-code-task-001816__ZbiEH69,valid,,0,1.0,3.2,9.8,273.3,3.4,1,1.339,0.614,0,261,2.14,0.21,61,0.36,0.06,4,0.7,243,17,83,0.2
format-code-task-000901,format-code-task-000901__htZJpN8,valid,,0,0.0,3.8,15.9,270.4,18.8,1,1.748,0.932,0,333,2.63,0.56,176,0.27,0.2,16,1.08,176,77,42,1.83
format-code-task-002280,format-code-task-002280__JGwP4Q4,valid,,0,0.0,3.8,14.5,1128.9,30.0,1,12.72,11.846,0,255,2.63,1.42,1666,0.15,0.72,403,0.64,296,820,113,7.25
format-code-task-001515,format-code-task-001515__K22umeh,valid,,0,0.0,3.8,13.1,2899.8,8.2,1,16.0,16.005,32,1085,5.22,1.88,5505,0.12,0.93,1059,8.68,161,2725,102,26.72
format-code-task-000855,format-code-task-000855__bjIxWMb,valid,,0,1.0,3.4,13.4,830.0,3.7,1,6.437,5.798,0,428,2.67,1.41,1201,0.18,0.73,360,0.63,221,596,54,11.03
format-code-task-001549,format-code-task-001549__IXtzH9v,valid,,0,0.0,3.9,20.2,488.6,8.2,1,9.666,8.983,0,595,2.76,0.82,428,0.27,0.32,98,0.64,242,232,92,2.53
format-code-task-000435,format-code-task-000435__zJQYFuW,valid,,0,0.0,8.5,15.4,483.2,17.3,1,2.967,1.855,0,830,2.5,0.82,430,0.23,0.31,30,0.68,169,299,79,3.78
format-code-task-001120,format-code-task-001120__lWOKCpr,infra,NonZeroAgentExitCodeError,0,,4.6,16.4,254.2,1.5,0,,,,,,,,,,,,0,0,0,
format-code-task-002443,format-code-task-002443__MZqNiwZ,valid,,0,0.0,5.9,14.5,229.7,7.5,1,1.102,0.315,0,99,1.86,0.14,36,0.42,0.0,0,0.71,209,6,118,0.05
format-code-task-000385,format-code-task-000385__BjlOqdY,valid,,0,0.0,6.7,17.6,606.0,7.6,1,1.77,0.987,0,499,2.25,0.21,132,0.42,0.09,16,0.86,523,68,101,0.67
format-code-task-001429,format-code-task-001429__qAgWw1p,valid,,0,0.0,21.7,17.7,1459.3,160.7,1,11.782,11.105,0,834,5.28,1.67,2741,0.16,0.79,969,0.91,90,1344,56,24.0
format-code-task-000014,format-code-task-000014__c9JeLNA,valid,,0,0.0,3.7,11.5,533.4,4.1,1,2.313,1.31,0,409,2.31,0.43,236,0.26,0.22,25,1.22,406,113,62,1.82
format-code-task-000092,format-code-task-000092__cAl4YDA,valid,,0,1.0,4.2,9.4,383.9,5.0,1,5.491,4.733,0,380,1.92,0.37,147,0.48,0.04,7,0.62,258,114,72,1.58
format-code-task-002768,format-code-task-002768__8inUzN5,valid,,0,1.0,4.6,11.9,566.6,10.0,1,1.746,1.019,0,523,2.29,0.17,101,0.34,0.03,5,0.67,510,43,132,0.32
format-code-task-000092,format-code-task-000092__N0PqrIe,valid,,0,0.0,3.1,10.7,671.4,5.4,1,1.102,0.532,0,379,1.96,0.25,170,0.37,0.03,9,0.62,542,117,84,1.39
format-code-task-002331,format-code-task-002331__SCVmCyD,valid,,0,0.0,4.6,16.4,1301.0,11.3,1,16.0,16.0,109,595,6.12,1.57,2102,0.29,0.81,794,0.63,243,1043,134,7.78
format-code-task-001997,format-code-task-001997__TifWq0e,valid,,0,1.0,3.7,12.9,608.9,7.8,1,7.905,5.184,0,1237,3.01,1.21,768,0.22,0.62,226,2.35,201,394,120,3.28
format-code-task-000014,format-code-task-000014__528c9y1,valid,,0,0.0,4.0,12.6,336.9,4.0,1,2.168,1.194,0,422,2.37,0.59,210,0.24,0.3,28,1.22,213,109,35,3.11
format-code-task-000098,format-code-task-000098__qAliUmN,valid,,0,0.0,5.7,16.3,279.7,8.6,1,9.065,8.339,0,591,2.46,0.65,204,0.23,0.31,51,0.89,187,78,52,1.5
format-code-task-002768,format-code-task-002768__hmSof6J,valid,,0,0.0,3.0,9.7,216.5,5.3,1,1.739,1.015,0,526,2.22,0.29,67,0.32,0.06,3,0.66,177,27,57,0.48
format-code-task-002320,format-code-task-002320__CmcuIp2,valid,,0,0.0,6.7,17.3,447.0,8.3,1,8.88,8.33,0,579,2.61,0.53,253,0.22,0.25,75,0.66,306,125,161,0.78
format-code-task-000682,format-code-task-000682__gtwfjvs,valid,,0,0.0,6.0,28.9,671.9,47.7,1,0.786,0.388,0,91,1.04,0.1,75,0.46,0.0,,0.62,218,437,85,5.15
format-code-task-001420,format-code-task-001420__ttCSNvO,valid,,0,1.0,6.0,12.7,728.9,14.6,1,1.463,0.927,0,523,3.42,0.14,108,0.3,0.02,3,0.62,75,638,37,17.24
format-code-task-002967,format-code-task-002967__OFFYmx2,valid,NonZeroAgentExitCodeError,0,0.0,3.4,11.8,199.7,5.7,1,16.0,15.971,6,964,2.9,1.03,240,0.29,0.55,84,0.63,95,27,32,0.86
format-code-task-002979,format-code-task-002979__959IzUa,valid,,0,1.0,3.3,14.4,608.7,5.8,1,12.647,11.943,0,591,2.58,1.35,851,0.17,0.69,203,0.64,198,395,52,7.59
format-code-task-002797,format-code-task-002797__Xoc5mwE,valid,,0,1.0,19.8,18.3,661.4,7.9,1,11.351,10.654,0,3990,2.64,1.18,815,0.19,0.44,160,0.67,209,434,74,5.87
format-code-task-002988,format-code-task-002988__l5egmE3,valid,,0,0.0,3.4,10.5,1065.5,6.8,1,7.148,6.284,0,752,2.36,0.55,602,0.19,0.15,68,0.76,259,789,83,9.51
format-code-task-000901,format-code-task-000901__W765C7N,valid,,0,0.0,3.8,15.8,336.6,15.5,1,2.131,1.024,0,342,2.59,0.5,184,0.29,0.18,16,1.08,236,83,45,1.86
format-code-task-000632,format-code-task-000632__fdrPWxF,valid,AgentTimeoutError,0,0.0,55.6,9.7,3604.3,1527.5,1,16.0,15.999,11,682,2.83,1.97,11366,0.91,0.98,4649,1.18,412,3176,37,85.84
format-code-task-002240,format-code-task-002240__9cBf8NZ,valid,,0,0.0,6.1,33.6,630.0,17.9,1,3.537,2.848,0,158,2.08,0.35,242,0.22,0.13,12,0.68,472,134,212,0.63
format-code-task-000632,format-code-task-000632__2obRWEn,valid,,0,0.0,40.0,8.6,1565.2,8.7,1,16.0,15.999,41,693,2.59,0.92,1453,0.13,0.46,403,1.2,117,1435,83,17.29
format-code-task-002988,format-code-task-002988__L0hqJfh,valid,,0,0.0,3.4,13.6,276.4,7.7,1,1.924,1.246,0,541,2.67,0.47,143,0.21,0.11,6,0.66,187,75,69,1.09
format-code-task-000859,format-code-task-000859__T3fgGED,valid,,0,0.0,4.9,11.4,1006.8,7.1,1,16.0,15.99,12,2469,2.85,1.55,1598,0.33,0.77,467,7.42,153,840,60,14.0
format-code-task-002322,format-code-task-002322__ccWlfdi,valid,,0,1.0,3.3,9.7,286.2,3.2,1,3.419,2.693,0,576,2.2,0.47,141,0.28,0.25,31,0.66,211,61,62,0.99
format-code-task-002245,format-code-task-002245__Ljbud01,valid,,0,0.0,4.8,20.6,366.8,10.8,1,3.849,3.304,0,86,2.05,0.56,225,0.2,0.06,,0.7,210,139,108,1.28
format-code-task-001429,format-code-task-001429__2xVBNdd,valid,,0,0.0,32.8,33.2,1278.3,173.8,1,11.677,11.009,0,827,3.33,1.58,2354,0.16,0.74,815,0.91,103,1152,63,18.29
format-code-task-002343,format-code-task-002343__4QdFMSw,valid,,0,0.0,3.5,19.3,880.2,4.9,1,9.265,8.559,0,428,2.45,0.72,656,0.15,0.36,113,0.72,112,749,87,8.61
format-code-task-001515,format-code-task-001515__Io199Co,valid,,0,0.0,3.1,14.0,1051.7,11.8,1,16.0,15.997,9,954,4.81,1.77,1917,0.12,0.9,326,0.67,231,805,70,11.5
format-code-task-000236,format-code-task-000236__0B6XKom,valid,,0,0.0,3.1,9.8,1282.7,6.5,1,16.0,15.996,7,762,5.18,1.74,2272,0.16,0.84,774,0.67,120,1150,54,21.3
format-code-task-002650,format-code-task-002650__qrnZgXk,valid,,0,0.0,5.1,20.0,1122.2,12.0,1,9.437,9.005,0,597,2.46,0.47,545,0.17,0.2,57,0.68,242,866,84,10.3
format-code-task-001515,format-code-task-001515__MiiPaAi,valid,,0,0.0,3.4,10.8,640.5,11.4,1,3.048,2.32,0,815,3.87,0.95,635,0.36,0.49,144,0.67,265,363,91,3.99
format-code-task-002322,format-code-task-002322__J3u076n,valid,,0,1.0,6.6,8.7,322.9,3.1,1,8.635,7.97,0,582,2.77,0.84,284,0.21,0.47,103,0.66,180,131,62,2.11
format-code-task-002077,format-code-task-002077__jhHRVVg,valid,,0,1.0,4.0,11.7,713.3,217.8,1,9.232,8.453,0,273,2.76,1.48,1404,0.08,0.67,407,0.75,139,556,65,8.55
format-code-task-001109,format-code-task-001109__7jhUzXa,valid,,0,1.0,3.2,12.4,131.7,2.6,1,1.223,0.365,0,107,1.85,0.2,30,0.41,0.01,0,0.71,113,7,55,0.12
format-code-task-002076,format-code-task-002076__GdflbHr,valid,,0,1.0,3.6,11.8,439.9,325.0,1,9.205,8.336,0,271,2.4,1.59,1239,0.08,0.75,419,0.76,69,358,60,5.96
format-code-task-002987,format-code-task-002987__lsiDYjm,valid,,0,1.0,15.1,78.8,448.9,28.5,1,1.56,0.997,0,597,2.68,0.2,112,0.38,0.05,10,0.68,233,95,76,1.25
format-code-task-002319,format-code-task-002319__XEK2Urs,valid,,0,0.0,3.6,11.8,955.3,5.6,1,16.0,15.998,32,813,3.01,0.73,715,0.25,0.4,235,0.63,252,690,122,5.65
format-code-task-000493,format-code-task-000493__JcJVfFt,valid,,0,1.0,112.6,10.4,256.9,2.9,1,1.027,0.406,0,99,1.8,0.15,40,0.39,0.0,1,0.62,224,20,84,0.23
format-code-task-002361,format-code-task-002361__AqdH4XZ,valid,,0,0.0,4.1,15.1,518.5,9.9,1,15.879,13.983,0,840,3.84,1.01,555,0.33,0.54,112,1.68,202,301,92,3.27
format-code-task-001856,format-code-task-001856__BKniOxD,valid,,0,0.0,2.9,11.7,379.2,29.0,1,3.683,2.646,0,603,2.16,0.75,319,0.2,0.29,26,0.65,214,152,102,1.49
format-code-task-000973,format-code-task-000973__UiO6Ua8,valid,,0,1.0,3.0,11.7,674.0,3.0,1,1.021,0.385,0,98,1.93,0.07,47,0.56,0.0,0,0.63,652,10,78,0.13
format-code-task-000875,format-code-task-000875__A0huOvK,valid,,0,1.0,11.8,15.8,269.4,5.2,1,1.593,0.797,0,525,2.03,0.2,58,0.34,0.04,2,0.66,236,20,66,0.31
format-code-task-002043,format-code-task-002043__dRfmxXP,valid,,0,1.0,88.2,9.7,703.3,10.0,1,10.739,10.495,0,757,3.94,1.07,780,0.17,0.5,154,0.72,308,383,80,4.79
format-code-task-001001,format-code-task-001001__zDEpI6s,valid,,0,0.0,5.5,15.6,467.1,8.0,1,7.625,6.77,0,603,2.86,0.9,451,0.21,0.44,109,0.72,256,197,77,2.56
format-code-task-000772,format-code-task-000772__oLRd0y7,valid,,0,0.0,3.6,12.6,625.8,54.2,1,13.721,13.153,0,783,3.39,1.67,1160,0.11,0.85,460,0.62,93,520,78,6.66
format-code-task-000859,format-code-task-000859__kZr8ZwJ,valid,,0,1.0,6.4,11.4,927.3,6.1,1,16.0,12.074,0,1876,2.69,1.16,1097,0.3,0.57,243,5.12,200,715,64,11.16
format-code-task-001410,format-code-task-001410__fbeXcJf,valid,,0,1.0,3.2,10.8,1316.5,7.6,1,12.715,12.65,0,786,4.6,1.59,2125,0.16,0.62,604,0.72,138,1166,93,12.54
format-code-task-000755,format-code-task-000755__LStsBkm,valid,,0,0.0,2.9,10.8,443.1,9.8,1,1.426,0.703,0,251,1.97,0.14,67,0.41,0.04,4,0.66,279,151,87,1.74
format-code-task-000973,format-code-task-000973__nu9zlJn,valid,,0,1.0,3.0,11.5,423.7,3.1,1,1.008,0.376,0,94,1.85,0.08,35,0.53,0.0,0,0.63,404,7,53,0.13
format-code-task-000876,format-code-task-000876__I1lS9MQ,valid,,0,1.0,3.2,12.9,568.2,5.2,1,14.789,13.913,0,975,2.87,1.55,912,0.14,0.66,307,1.04,140,415,61,6.8
format-code-task-002970,format-code-task-002970__8SjWLoQ,valid,,0,0.0,4.2,16.2,273.5,6.6,1,4.169,3.728,0,94,2.07,0.65,196,0.15,0.17,,0.68,144,114,43,2.65
format-code-task-000568,format-code-task-000568__8IvR4Xi,valid,,0,0.0,5.5,13.7,306.3,2.9,1,1.053,0.408,0,101,1.6,0.35,115,0.15,0.0,1,0.62,203,88,72,1.22
format-code-task-000772,format-code-task-000772__FWz89uJ,valid,,0,0.0,4.5,11.8,735.8,62.5,1,12.99,12.348,0,782,4.51,1.5,1223,0.16,0.76,416,0.62,164,558,139,4.01
format-code-task-002760,format-code-task-002760__Bm3iPVw,valid,,0,1.0,36.7,11.7,1041.7,5.1,1,16.0,15.66,0,885,2.93,0.7,743,0.14,0.36,236,0.76,100,927,77,12.04
format-code-task-000217,format-code-task-000217__m5tFI3r,valid,,0,0.0,144.4,12.5,752.8,28.0,1,13.677,12.98,0,580,2.62,1.15,920,0.17,0.51,227,0.66,179,560,78,7.18
format-code-task-001453,format-code-task-001453__5gGEzpY,valid,,0,1.0,14.4,20.3,314.5,3.9,1,8.418,6.153,0,950,2.75,1.36,465,0.23,0.67,116,2.14,73,226,41,5.51
format-code-task-002240,format-code-task-002240__vzTTqcc,valid,,0,0.0,3.4,14.8,594.0,12.6,1,3.667,2.823,0,379,2.54,0.78,487,0.2,0.36,106,0.66,322,258,130,1.98
format-code-task-000217,format-code-task-000217__jw85sfZ,valid,,0,1.0,115.5,12.0,278.2,27.6,1,2.531,1.89,0,450,2.15,0.49,158,0.19,0.16,11,0.64,211,54,87,0.62
format-code-task-001410,format-code-task-001410__15AkJK7,valid,,0,0.0,3.1,9.6,448.5,6.6,1,12.4,11.421,0,779,3.1,1.2,563,0.15,0.38,108,0.7,110,326,65,5.01
format-code-task-001608,format-code-task-001608__dvbEiHG,valid,,0,0.0,4.6,13.0,432.7,10.1,1,1.249,0.625,0,153,1.76,0.51,238,0.1,0.06,13,0.71,233,186,84,2.21
format-code-task-002797,format-code-task-002797__0CNZhjV,valid,,0,1.0,18.9,17.3,611.8,7.7,1,10.787,10.081,0,753,2.78,1.01,644,0.18,0.41,154,0.68,255,339,106,3.19
format-code-task-000348,format-code-task-000348__kYWdPZP,valid,,0,1.0,3.8,17.9,1001.0,514.0,1,15.985,13.279,0,1421,3.02,1.57,2421,0.13,0.75,563,4.68,199,785,84,9.34
format-code-task-002877,format-code-task-002877__KC21EP3,valid,,0,0.0,39.6,10.8,256.3,75.0,1,1.679,0.975,0,100,2.01,0.32,111,0.24,0.01,0,0.68,235,10,104,0.09
format-code-task-002320,format-code-task-002320__2UYerLs,valid,,0,0.0,5.4,16.4,585.0,10.6,1,1.056,0.811,0,523,2.17,0.11,67,0.38,0.01,3,0.66,549,21,250,0.08
format-code-task-002207,format-code-task-002207__Jb1ehKI,valid,,0,1.0,4.2,13.3,1715.9,14.8,1,2.258,1.198,0,206,1.68,0.94,1643,0.07,0.01,6,1.06,130,1573,116,13.56
format-code-task-001451,format-code-task-001451__nipY7vE,valid,,0,1.0,86.1,15.3,697.6,11.1,1,5.639,3.283,0,87,2.07,1.21,883,0.15,0.4,,4.87,160,521,51,10.22
format-code-task-001750,format-code-task-001750__LOT87Sw,valid,,0,0.0,15.3,19.0,939.3,8.8,1,7.507,5.883,0,216,1.69,1.03,1042,0.41,0.02,16,2.7,338,576,54,10.66
format-code-task-000348,format-code-task-000348__mUQOcPy,valid,,0,1.0,4.7,19.3,976.9,516.7,1,14.352,11.855,0,1378,5.51,1.67,2531,0.13,0.77,618,4.74,133,829,48,17.26
format-code-task-000876,format-code-task-000876__wvYNdkf,valid,,0,1.0,4.8,12.0,859.3,9.9,1,15.327,14.367,0,976,5.8,1.31,1167,0.15,0.6,360,1.04,291,553,100,5.53
format-code-task-000098,format-code-task-000098__BAz4LsT,valid,,0,1.0,5.4,16.6,897.1,8.7,1,9.307,9.136,0,533,3.49,0.22,208,0.37,0.11,50,0.64,441,439,71,6.18
format-code-task-002329,format-code-task-002329__DOcKr3O,valid,,0,0.0,3.4,14.9,369.4,10.9,1,9.141,8.741,0,591,2.65,0.92,367,0.23,0.48,128,0.65,182,170,83,2.05
format-code-task-001567,format-code-task-001567__Iz5P2uq,valid,,0,1.0,7.8,16.8,404.4,7.8,1,4.376,3.288,0,381,2.1,0.52,225,0.16,0.03,2,0.99,164,227,42,5.4
format-code-task-002379,format-code-task-002379__nbye23M,valid,,0,1.0,4.6,15.4,451.4,11.7,1,1.041,0.382,0,97,1.54,0.1,49,0.45,0.0,0,0.64,429,9,76,0.12
format-code-task-002245,format-code-task-002245__kPnQ5q7,valid,,0,0.0,5.7,20.8,444.0,8.6,1,2.356,1.64,0,186,2.05,0.53,253,0.21,0.05,,0.83,182,245,127,1.93
format-code-task-002230,format-code-task-002230__rJqF2yw,valid,,0,0.0,6.7,19.1,827.2,7.7,1,10.982,10.675,0,128,1.66,0.84,724,0.1,0.01,5,1.28,132,680,80,8.5
format-code-task-001297,format-code-task-001297__Qwvc2dx,valid,,0,0.0,228.9,35.5,303.1,91.4,1,2.839,1.558,0,315,3.42,0.73,319,0.3,0.27,33,1.13,137,146,57,2.56
format-code-task-002464,format-code-task-002464__uMWxm5l,valid,,0,0.0,9.3,14.8,946.9,10.6,1,2.489,1.325,0,636,2.54,0.31,300,0.35,0.16,48,1.18,707,225,107,2.1
format-code-task-002464,format-code-task-002464__7jhzUG9,valid,,0,0.0,8.4,15.1,596.1,10.8,1,2.148,1.212,0,679,2.85,0.4,252,0.36,0.2,40,1.14,395,182,67,2.71
format-code-task-000835,format-code-task-000835__A4AdJaA,valid,,0,0.0,4.4,14.8,312.7,25.4,1,16.0,15.975,1,891,2.58,1.51,544,0.14,0.77,96,0.62,115,180,43,4.19
format-code-task-002331,format-code-task-002331__kKPUGTr,valid,,0,0.0,3.2,12.8,431.2,8.8,1,14.659,13.94,0,596,4.27,1.1,504,0.26,0.56,163,0.63,177,240,96,2.5
format-code-task-002327,format-code-task-002327__QOGtPsz,valid,,0,1.0,44.1,10.4,207.1,6.6,1,3.414,2.724,0,597,2.42,0.81,186,0.27,0.39,41,0.66,111,84,102,0.82
format-code-task-002019,format-code-task-002019__2jIoKl1,valid,,0,0.0,2.9,13.9,784.8,13.0,1,7.721,7.005,0,782,3.59,1.49,1211,0.18,0.75,402,0.7,161,609,71,8.58
format-code-task-001632,format-code-task-001632__5iMmBfu,valid,,0,1.0,4.3,10.8,328.8,25.2,1,3.069,2.416,0,579,2.4,0.39,143,0.32,0.15,20,0.63,267,47,101,0.46
format-code-task-001608,format-code-task-001608__Fhze1Gr,valid,,0,0.0,3.2,7.5,1000.1,6.5,1,1.007,0.579,0,195,1.79,0.77,787,0.16,0.04,18,0.64,281,706,90,7.84
format-code-task-000632,format-code-task-000632__0u69OHI,valid,,0,0.0,51.1,10.7,869.9,13.8,1,16.0,16.0,36,879,2.67,0.85,767,0.14,0.44,222,0.7,163,692,66,10.49
format-code-task-002331,format-code-task-002331__gcDrzkK,valid,,0,0.0,5.2,15.7,581.0,11.3,1,16.0,16.0,24,598,6.03,1.18,724,0.28,0.61,258,0.63,215,351,113,3.11
format-code-task-002018,format-code-task-002018__Mmtx2fQ,valid,,0,1.0,6.6,37.2,911.7,64.6,1,10.404,9.683,0,802,2.94,1.51,1542,0.16,0.73,522,0.74,167,727,58,12.53
format-code-task-002967,format-code-task-002967__7fiOiTY,valid,,0,0.0,3.0,11.7,591.1,5.5,1,9.749,9.008,0,546,2.75,0.79,485,0.3,0.4,148,0.64,338,239,122,1.96
format-code-task-000921,format-code-task-000921__4UV18q6,valid,,0,0.0,9.6,13.0,510.0,11.7,1,16.0,15.564,0,456,2.75,1.48,800,0.17,0.67,204,0.67,84,412,61,6.76
format-code-task-002280,format-code-task-002280__gBmciDg,valid,,0,0.0,3.3,14.6,1323.3,46.8,1,12.425,11.668,0,237,2.54,1.59,2212,0.15,0.8,523,0.64,194,1116,73,15.29
format-code-task-001429,format-code-task-001429__L2GBPbk,valid,,0,0.0,24.8,16.7,1058.7,205.1,1,10.57,9.913,0,615,6.69,1.53,1968,0.16,0.69,678,0.91,132,903,76,11.88
format-code-task-001001,format-code-task-001001__cUir4tn,valid,,0,0.0,3.0,12.5,805.1,4.0,1,13.256,12.393,0,612,4.81,1.47,1212,0.22,0.72,405,0.82,181,612,72,8.5
format-code-task-002325,format-code-task-002325__a06xXZl,valid,,0,0.0,4.1,11.6,551.6,6.4,1,12.577,11.801,0,583,2.79,0.53,303,0.21,0.27,83,0.66,394,143,122,1.17
format-code-task-002766,format-code-task-002766__jb3yp4G,valid,,0,0.0,35.0,30.3,84.7,15.9,1,1.725,1.079,0,523,2.12,0.46,63,0.3,0.02,4,0.64,37,29,44,0.65
format-code-task-002443,format-code-task-002443__6tSXPJT,valid,,0,0.0,4.2,10.8,310.7,3.2,1,1.052,0.319,0,97,1.8,0.13,43,0.32,0.0,0,0.71,295,3,250,0.01
format-code-task-001516,format-code-task-001516__EUVr8zk,valid,,0,1.0,9.5,16.7,891.5,11.6,1,16.0,15.983,2,876,2.68,1.67,1544,0.1,0.81,135,8.67,460,405,72,5.63
format-code-task-001117,format-code-task-001117__wFLkscZ,valid,,0,0.0,8.0,11.8,305.9,6.5,1,1.21,0.406,0,103,2.12,0.59,195,0.15,0.23,3,0.62,192,102,52,1.96
format-code-task-002223,format-code-task-002223__A0ojEc2,valid,,0,0.0,5.1,13.7,1085.6,7.4,1,16.0,15.57,1,126,1.95,0.86,962,0.43,0.01,6,1.21,158,912,52,17.54
