# task	action	args  (generated by residue_fixes_build.py; see RESIDUE_AUDIT.md)
format-code-task-000046	rm	/testbed/lib/test
format-code-task-000092	sync	/usr/local/lib/python3.10/site-packages/gpflow	gpflow/
format-code-task-000092	sync	/usr/local/lib/python3.10/site-packages/tests	tests/
format-code-task-000114	pycache
format-code-task-000115	pycache
format-code-task-000126	pycache
format-code-task-000171	pycache
format-code-task-000190	sync	/usr/local/lib/python3.14/dist-packages/pydp	pydp/
format-code-task-000195	sync	/usr/local/lib/python3.12/dist-packages/paddle	python/paddle/
format-code-task-000225	pycache
format-code-task-000242	pycache
format-code-task-000253	pycache
format-code-task-000255	sync	/usr/local/lib/python3.12/dist-packages/theano	theano/
format-code-task-000283	rm	/usr/local/share/.cache/yarn/v6/npm-@yoast-components-2.19.0-dcbf2478db88226c10f599b044df375c1e8ef6e6-integrity
format-code-task-000283	rm	/usr/local/share/.cache/yarn/v6/npm-@yoast-helpers-0.16.0-0744b02fd35e233c81f4adb33e2e3a8537ee2bac-integrity
format-code-task-000283	sync	/testbed/packages/js/node_modules/@yoast/analysis-report/node_modules/@yoast/components	packages/components/src/
format-code-task-000283	sync	/testbed/packages/js/node_modules/@yoast/analysis-report/node_modules/@yoast/helpers	packages/helpers/src/
format-code-task-000322	sync	/testbed/.venv/lib/python3.9/site-packages/aiohttp	aiohttp/
format-code-task-000329	sync	/testbed/.build_env/venv/lib/python3.11/site-packages/airbyte_cdk	airbyte-cdk/python/airbyte_cdk/
format-code-task-000329	sync	/testbed/.build_env/venv/lib/python3.11/site-packages/unit_tests	airbyte-cdk/python/unit_tests/
format-code-task-000404	sync	/testbed/.venv/lib/python3.11/site-packages/airflow	airflow/
format-code-task-000405	sync	/usr/local/lib/python3.10/site-packages/airflow	airflow/
format-code-task-000406	sync	/usr/local/lib/python3.10/site-packages/airflow	airflow/
format-code-task-000407	sync	/usr/local/lib/python3.10/site-packages/airflow	airflow/
format-code-task-000418	sync	/testbed/.venv/lib/python3.12/site-packages/airflow	providers/google/src/airflow/
format-code-task-000466	syncfile	/usr/local/lib/python3.9/site-packages/pyupgrade.py	pyupgrade.py
format-code-task-000484	sync	/root/.pyenv/versions/2.7.18/lib/python2.7/site-packages/robo	robo/
format-code-task-000497	sync	/usr/local/lib/python3.9/site-packages/aws_lambda_powertools	aws_lambda_powertools/
format-code-task-000556	rm	/opt/stage4a-go-build-cache
format-code-task-000580	sync	/opt/boto3-env/lib/python3.12/site-packages/boto3	boto3/
format-code-task-000580	sync	/usr/local/lib/python3.12/dist-packages/boto3	boto3/
format-code-task-000699	rm	/root/.cache/deno/gen
format-code-task-000745	sync	/testbed/.venv/lib/python3.12/site-packages/dagster_pipes	python_modules/dagster-pipes/dagster_pipes/
format-code-task-000768	sync	/root/.local/share/hatch/env/virtual/dbt-postgres/_Nw79bw6/dbt-postgres/lib/python3.12/site-packages/dbt	dbt-postgres/src/dbt/
format-code-task-000812	sync	/usr/local/lib/python3.10/site-packages/oauth2_provider	oauth2_provider/
format-code-task-000880	rm	/usr/local/share/.cache/yarn/v6/npm-ses-0.7.3-36b6d8d6-9b95-4883-bf96-aa044ed018f4-1760340915702
format-code-task-000880	sync	/testbed/packages/ses-integration-test/node_modules/ses	packages/ses/
format-code-task-000956	sync	/testbed/.build_env/venv/lib/python3.12/site-packages/fixieai	fixieai/
format-code-task-000998	sync	/testbed/.build_env/.venv/lib/python3.11/site-packages/dbt	core/dbt/
format-code-task-001008	sync	/testbed/.build_env/venv/lib/python3.11/site-packages/airflow	airflow/
format-code-task-001013	pycache
format-code-task-001019	pycache
format-code-task-001038	pycache
format-code-task-001101	sync	/testbed/node_modules/can	
format-code-task-001110	pycache
format-code-task-001269	sync	/usr/local/lib/python3.10/site-packages/responses	responses/
format-code-task-001368	sync	/testbed/packages/translate/node_modules/@google-cloud/common	packages/common/
format-code-task-001372	pycache
format-code-task-001397	sync	/testbed/.venv/lib/python3.12/site-packages/grai_client	grai-client/src/grai_client/
format-code-task-001397	sync	/testbed/.venv/lib/python3.12/site-packages/grai_schemas	grai-schemas/src/grai_schemas/
format-code-task-001427	sync	/testbed/node_modules/handlebars	
format-code-task-001507	sync	/testbed/.venv/lib/python3.10/site-packages/homeassistant	homeassistant/
format-code-task-001508	sync	/testbed/.venv/lib/python3.11/site-packages/homeassistant	homeassistant/
format-code-task-001611	sync	/usr/local/lib/python3.14/dist-packages/jaxlib	jaxlib/
format-code-task-001642	sync	/usr/local/lib/python3.7/site-packages/tests	tests/
format-code-task-001678	sync	/testbed/node_modules/karma	
format-code-task-001815	sync	/testbed/packages/booter-lb3app/node_modules/@loopback/context	packages/context/
format-code-task-001815	sync	/testbed/packages/booter-lb3app/node_modules/@loopback/http-server	packages/http-server/
format-code-task-001815	sync	/testbed/packages/booter-lb3app/node_modules/@loopback/metadata	packages/metadata/
format-code-task-001815	sync	/testbed/packages/booter-lb3app/node_modules/@loopback/model-api-builder	packages/model-api-builder/
format-code-task-001815	sync	/testbed/packages/booter-lb3app/node_modules/@loopback/openapi-v3	packages/openapi-v3/
format-code-task-001815	sync	/testbed/packages/booter-lb3app/node_modules/@loopback/repository-json-schema/node_modules/@loopback/repository	packages/repository/
format-code-task-001815	sync	/testbed/packages/booter-lb3app/node_modules/@loopback/service-proxy	packages/service-proxy/
format-code-task-001815	sync	/testbed/packages/model-api-builder/node_modules/@loopback/context	packages/context/
format-code-task-001815	sync	/testbed/packages/model-api-builder/node_modules/@loopback/metadata	packages/metadata/
format-code-task-001815	sync	/testbed/packages/repository-tests/node_modules/@loopback/core	packages/core/
format-code-task-001815	sync	/testbed/packages/repository-tests/node_modules/@loopback/metadata	packages/metadata/
format-code-task-001815	sync	/testbed/packages/rest-crud/node_modules/@loopback/context	packages/context/
format-code-task-001815	sync	/testbed/packages/rest-crud/node_modules/@loopback/http-server	packages/http-server/
format-code-task-001815	sync	/testbed/packages/rest-crud/node_modules/@loopback/metadata	packages/metadata/
format-code-task-001815	sync	/testbed/packages/rest-crud/node_modules/@loopback/openapi-v3	packages/openapi-v3/
format-code-task-001834	sync	/usr/local/lib/python3.11/dist-packages/arcticdb	python/arcticdb/
format-code-task-001839	sync	/testbed/node_modules/mapbox-gl	
format-code-task-001931	sync	/testbed/node_modules/uglify-js	
format-code-task-001942	sync	/usr/local/lib/python3.11/dist-packages/mlrun_pipelines	pipeline-adapters/mlrun-pipelines-kfp-v1-8/src/mlrun_pipelines/
format-code-task-002041	sync	/testbed/node_modules/newrelic	
format-code-task-002070	sync	/testbed/node_modules/nopt	
format-code-task-002078	sync	/opt/numpy-venv/lib/python3.12/site-packages/numpy	numpy/
format-code-task-002142	sync	/root/.local/share/mamba/envs/openff/lib/python3.12/site-packages/openff	openff/
format-code-task-002142	sync	/root/.local/share/mamba/envs/openff/lib/python3.12/site-packages/utilities	utilities/
format-code-task-002142	sync	/root/.local/share/mamba/pkgs/https/conda.anaconda.org/conda-forge/noarch/openff-toolkit-base-0.16.10-pyhd8ed1ab_0/site-packages/openff	openff/
format-code-task-002142	sync	/root/.local/share/mamba/pkgs/https/conda.anaconda.org/conda-forge/noarch/openff-toolkit-base-0.16.10-pyhd8ed1ab_0/site-packages/utilities	utilities/
format-code-task-002174	sync	/root/go/pkg/mod/github.com/osmosis-labs/osmosis@v1.0.4	
format-code-task-002308	sync	/usr/local/lib/python3.9/site-packages/pre_commit	pre_commit/
format-code-task-002384	sync	/usr/local/lib/python3.9/site-packages/janitor	janitor/
format-code-task-002389	pycache
format-code-task-002412	sync	/usr/local/lib/python3.8/site-packages/poetry	poetry/
format-code-task-002414	sync	/root/.local/share/pypoetry/venv/lib/python3.7/site-packages/poetry	src/poetry/
format-code-task-002429	sync	/usr/local/lib/python3.9/site-packages/mypy	mypy/
format-code-task-002487	sync	/root/.pyenv/versions/3.7.17/lib/python3.7/site-packages/ray	python/ray/
format-code-task-002517	rm	/testbed
format-code-task-002517	sync	/root/go/pkg/mod/github.com/reugn/go-streams@v0.12.0	
format-code-task-002537	sync	/opt/rotki-venv/lib/python3.11/site-packages/rotkehlchen	rotkehlchen/
format-code-task-002659	sync	/testbed/node_modules/execa	
format-code-task-002668	sync	/usr/local/lib/python3.9/site-packages/sktime	sktime/
format-code-task-002679	rm	/testbed/lib/futil-js.js
format-code-task-002679	rm	/testbed/lib/futil-js.js.map
format-code-task-002679	rm	/testbed/node_modules/futil
format-code-task-002698	pycache
format-code-task-002699	pycache
format-code-task-002755	sync	/testbed/.venv/lib/python3.12/site-packages/strawberry	strawberry/
format-code-task-002781	sync	/testbed/node_modules/.pnpm/svelte@4.2.9/node_modules/svelte	packages/svelte/
format-code-task-002782	sync	/testbed/node_modules/.pnpm/svelte@4.2.9/node_modules/svelte	packages/svelte/
format-code-task-002790	rm	/testbed
format-code-task-002820	sync	/testbed/node_modules/@testing-library/dom	
format-code-task-002829	sync	/usr/local/lib/python3.9/site-packages/tuf	tuf/
format-code-task-002839	rm	/usr/local/share/.cache/yarn/v6/npm-gogocode-1.0.55-afb20e793bfcd1bb63a941719f2b764ed3d53987-integrity
format-code-task-002839	sync	/workspace/repo/packages/esbuild-import-plugin/node_modules/gogocode	packages/gogocode-core/
format-code-task-002839	sync	/workspace/repo/packages/gogocode-plugin-element/node_modules/gogocode	packages/gogocode-core/
format-code-task-002839	sync	/workspace/repo/packages/gogocode-plugin-element/node_modules/gogocode-plugin-vue	packages/gogocode-plugin-vue/
format-code-task-002872	sync	/testbed/.tox/cov/lib/python3.11/site-packages/tox	src/tox/
format-code-task-002872	sync	/testbed/.tox/docs/lib/python3.11/site-packages/tox	src/tox/
format-code-task-002872	sync	/testbed/.tox/py311/lib/python3.11/site-packages/tox	src/tox/
format-code-task-002872	sync	/testbed/.tox/type/lib/python3.11/site-packages/tox	src/tox/
format-code-task-002913	sync	/testbed/node_modules/unified	
format-code-task-003058	sync	/testbed/.venv/lib/python3.12/site-packages/OFS	src/OFS/
